law,mechanism,family,description,iorth,ip,angle_deg,analytic_gpa,job,starter_check_rc,starter_rc,engine_rc,e_global_stress_gpa,e_global_reaction_gpa,e_cell_stress_gpa,sigma_x_mean_pa,strain_x_cell,strain_x_engineering,reaction_force_x_n,reaction_sigma_x_pa,rel_err_pct,angle_pass,combo_pass_count,verdict,error,vtk_path
LAW12,M1_phi_ip1,M1_phi,"PROP Phi on Ip=1 (r,s plane)",0,1,0.0,171.4,ori_law12_M1_phi_ip1_io0_a000,0,0,0,9.065303980939104,8.772514115231274,9.08110004530705,4537252.5,0.0004996368807042018,0.0005005074854125269,439.0708980560303,4390708.980560303,94.71102451520471,False,1,FAIL,,references/orientation_probe_decks/runs/ori_law12_M1_phi_ip1_io0_a000/ori_law12_M1_phi_ip1_io0_a000A001.vtk
LAW12,M1_phi_ip1,M1_phi,"PROP Phi on Ip=1 (r,s plane)",0,1,30.0,22.267164983219914,ori_law12_M1_phi_ip1_io0_a030,0,0,0,8.994713083430483,8.812448217370134,9.088844417458738,4501763.75,0.0004953065035806503,0.0005004899776395177,441.05420112609863,4410542.011260986,59.60548596909972,False,1,FAIL,,references/orientation_probe_decks/runs/ori_law12_M1_phi_ip1_io0_a030/ori_law12_M1_phi_ip1_io0_a030A001.vtk
LAW12,M1_phi_ip1,M1_phi,"PROP Phi on Ip=1 (r,s plane)",0,1,45.0,13.277196220353677,ori_law12_M1_phi_ip1_io0_a045,0,0,0,9.110437284815545,8.713002306495424,9.073419097662457,4559546.25,0.0005025168793508783,0.0005004750164516736,436.06399726867676,4360639.972686768,31.382822595862326,False,1,FAIL,,references/orientation_probe_decks/runs/ori_law12_M1_phi_ip1_io0_a045/ori_law12_M1_phi_ip1_io0_a045A001.vtk
LAW12,M1_phi_ip1,M1_phi,"PROP Phi on Ip=1 (r,s plane)",0,1,60.0,10.303106998372343,ori_law12_M1_phi_ip1_io0_a060,0,0,0,9.159857751535164,8.69372153853338,9.084489692119648,4584142.5,0.00050461199862184,0.0005004600097890943,435.0859966278076,4350859.966278076,11.096160090522078,False,1,FAIL,,references/orientation_probe_decks/runs/ori_law12_M1_phi_ip1_io0_a060/ori_law12_M1_phi_ip1_io0_a060A001.vtk
LAW12,M1_phi_ip1,M1_phi,"PROP Phi on Ip=1 (r,s plane)",0,1,90.0,9.08,ori_law12_M1_phi_ip1_io0_a090,0,0,0,9.14102265808943,8.763832031786285,9.079337909023062,4574556.25,0.000503842493344564,0.0005004425020160852,438.579402923584,4385794.02923584,0.6720557058307253,True,1,FAIL,,references/orientation_probe_decks/runs/ori_law12_M1_phi_ip1_io0_a090/ori_law12_M1_phi_ip1_io0_a090A001.vtk
LAW12,M1_phi_ip1,M1_phi,"PROP Phi on Ip=1 (r,s plane)",1,1,0.0,171.4,ori_law12_M1_phi_ip1_io1_a000,0,0,0,171.30042760513442,170.9839072982084,171.41182990544542,85730299.0,0.0005001422541681677,0.000500467513120384,8557.189086914062,85571890.86914062,0.05809357926812723,True,2,FAIL,,references/orientation_probe_decks/runs/ori_law12_M1_phi_ip1_io1_a000/ori_law12_M1_phi_ip1_io1_a000A001.vtk
LAW12,M1_phi_ip1,M1_phi,"PROP Phi on Ip=1 (r,s plane)",1,1,30.0,22.267164983219914,ori_law12_M1_phi_ip1_io1_a030,0,0,0,97.18132468499091,97.02308001491976,110.4195551273196,48622975.0,0.0004403474995342549,0.0005003324986319058,4854.3800048828125,48543800.048828125,336.4333077795256,False,2,FAIL,,references/orientation_probe_decks/runs/ori_law12_M1_phi_ip1_io1_a030/ori_law12_M1_phi_ip1_io1_a030A001.vtk
LAW12,M1_phi_ip1,M1_phi,"PROP Phi on Ip=1 (r,s plane)",1,1,45.0,13.277196220353677,ori_law12_M1_phi_ip1_io1_a045,0,0,0,47.673939224995976,47.579959225459724,36.81272949710087,23857350.0,0.0006480733791249804,0.000500427495353506,2381.031982421875,23810319.82421875,259.0663151600696,False,2,FAIL,,references/orientation_probe_decks/runs/ori_law12_M1_phi_ip1_io1_a045/ori_law12_M1_phi_ip1_io1_a045A001.vtk
LAW12,M1_phi_ip1,M1_phi,"PROP Phi on Ip=1 (r,s plane)",1,1,60.0,10.303106998372343,ori_law12_M1_phi_ip1_io1_a060,0,0,0,23.43101574582208,23.55152889022518,17.162691096644615,11718612.5,0.0006827957477071323,0.0005001325007469859,1177.8885040283203,11778885.040283203,127.41698935596463,False,2,FAIL,,references/orientation_probe_decks/runs/ori_law12_M1_phi_ip1_io1_a060/ori_law12_M1_phi_ip1_io1_a060A001.vtk
LAW12,M1_phi_ip1,M1_phi,"PROP Phi on Ip=1 (r,s plane)",1,1,90.0,9.08,ori_law12_M1_phi_ip1_io1_a090,0,0,0,9.01507496192797,9.476133953627766,9.063196611701676,4512112.5,0.0004978500073775649,0.0005005074854125269,474.28759765625,4742875.9765625,0.7150334589430519,True,2,FAIL,,references/orientation_probe_decks/runs/ori_law12_M1_phi_ip1_io1_a090/ori_law12_M1_phi_ip1_io1_a090A001.vtk
LAW12,M1_phi_ip3,M1_phi,"PROP Phi on Ip=3 (t,r plane)",0,3,0.0,171.4,ori_law12_M1_phi_ip3_io0_a000,0,0,0,171.23943863142526,171.6416699584078,171.39848383412087,85699776.0,0.0005000031160307117,0.000500467513120384,8590.107971191406,85901079.71191406,0.09367641107044197,True,5,PASS,,references/orientation_probe_decks/runs/ori_law12_M1_phi_ip3_io0_a000/ori_law12_M1_phi_ip3_io0_a000A001.vtk
LAW12,M1_phi_ip3,M1_phi,"PROP Phi on Ip=3 (t,r plane)",0,3,30.0,22.267164983219914,ori_law12_M1_phi_ip3_io0_a030,0,0,0,22.213085755734593,22.387616889477897,104.89174541300993,11116650.0,0.0001059821242961334,0.0005004550075682346,1120.3994979858398,11203994.979858398,0.24286534691809245,True,5,PASS,,references/orientation_probe_decks/runs/ori_law12_M1_phi_ip3_io0_a030/ori_law12_M1_phi_ip3_io0_a030A001.vtk
LAW12,M1_phi_ip3,M1_phi,"PROP Phi on Ip=3 (t,r plane)",0,3,45.0,13.277196220353677,ori_law12_M1_phi_ip3_io0_a045,0,0,0,13.271242154653473,12.99321005448892,35.32614703745331,6641858.75,0.00018801537407853175,0.0005004700142308138,650.2712020874023,6502712.020874023,0.04484429996655075,True,5,PASS,,references/orientation_probe_decks/runs/ori_law12_M1_phi_ip3_io0_a045/ori_law12_M1_phi_ip3_io0_a045A001.vtk
LAW12,M1_phi_ip3,M1_phi,"PROP Phi on Ip=3 (t,r plane)",0,3,60.0,10.303106998372343,ori_law12_M1_phi_ip3_io0_a060,0,0,0,10.301395685866106,10.492898997110425,16.14938070385093,5155720.0,0.0003192518706782721,0.000500487522003823,525.1565017700195,5251565.017700195,0.016609674212908578,True,5,PASS,,references/orientation_probe_decks/runs/ori_law12_M1_phi_ip3_io0_a060/ori_law12_M1_phi_ip3_io0_a060A001.vtk
LAW12,M1_phi_ip3,M1_phi,"PROP Phi on Ip=3 (t,r plane)",0,3,90.0,9.08,ori_law12_M1_phi_ip3_io0_a090,0,0,0,9.065303980939104,8.772514115231274,9.08110004530705,4537252.5,0.0004996368807042018,0.0005005074854125269,439.0708980560303,4390708.980560303,0.16185043018607842,True,5,PASS,,references/orientation_probe_decks/runs/ori_law12_M1_phi_ip3_io0_a090/ori_law12_M1_phi_ip3_io0_a090A001.vtk
LAW12,M1_phi_ip3,M1_phi,"PROP Phi on Ip=3 (t,r plane)",1,3,0.0,171.4,ori_law12_M1_phi_ip3_io1_a000,0,0,0,9.031886564480953,9.48466855577022,9.069885246854184,4519962.5,0.0004983483668183908,0.0005004450031265151,474.6554985046387,4746554.985046387,94.73052125759571,False,1,FAIL,,references/orientation_probe_decks/runs/ori_law12_M1_phi_ip3_io1_a000/ori_law12_M1_phi_ip3_io1_a000A001.vtk
LAW12,M1_phi_ip3,M1_phi,"PROP Phi on Ip=3 (t,r plane)",1,3,30.0,22.267164983219914,ori_law12_M1_phi_ip3_io1_a030,0,0,0,22.34186178397852,22.34100419891353,15.873595813034033,11174450.0,0.0007039646297926083,0.0005001575118512847,1117.4021072387695,11174021.072387695,0.3354571667066551,True,1,FAIL,,references/orientation_probe_decks/runs/ori_law12_M1_phi_ip3_io1_a030/ori_law12_M1_phi_ip3_io1_a030A001.vtk
LAW12,M1_phi_ip3,M1_phi,"PROP Phi on Ip=3 (t,r plane)",1,3,45.0,13.277196220353677,ori_law12_M1_phi_ip3_io1_a045,0,0,0,46.167022547630616,45.88233246486167,34.40854063881211,23087550.0,0.0006709831213811412,0.0005000874807592481,2294.5180053710938,22945180.053710938,247.71665479235364,False,1,FAIL,,references/orientation_probe_decks/runs/ori_law12_M1_phi_ip3_io1_a045/ori_law12_M1_phi_ip3_io1_a045A001.vtk
LAW12,M1_phi_ip3,M1_phi,"PROP Phi on Ip=3 (t,r plane)",1,3,60.0,10.303106998372343,ori_law12_M1_phi_ip3_io1_a060,0,0,0,94.84505444176659,94.83565361392404,104.48544235989611,47447662.5,0.00045410787788568996,0.0005002650141250342,4744.295959472656,47442959.59472656,820.54808764725,False,1,FAIL,,references/orientation_probe_decks/runs/ori_law12_M1_phi_ip3_io1_a060/ori_law12_M1_phi_ip3_io1_a060A001.vtk
LAW12,M1_phi_ip3,M1_phi,"PROP Phi on Ip=3 (t,r plane)",1,3,90.0,9.08,ori_law12_M1_phi_ip3_io1_a090,0,0,0,171.30042760513442,170.9839072982084,171.41182990544542,85730299.0,0.0005001422541681677,0.000500467513120384,8557.189086914062,85571890.86914062,1786.5685859596304,False,1,FAIL,,references/orientation_probe_decks/runs/ori_law12_M1_phi_ip3_io1_a090/ori_law12_M1_phi_ip3_io1_a090A001.vtk
LAW12,M2_skew_requested_ip1,M2_skew_requested,"Prior-style skew_ID set but Ip=1, so CFG/source indicate skew is ignored",0,1,0.0,171.4,ori_law12_M2_skew_requested_ip1_io0_a000,0,0,0,9.065303980939104,8.772514115231274,9.08110004530705,4537252.5,0.0004996368807042018,0.0005005074854125269,439.0708980560303,4390708.980560303,94.71102451520471,False,1,FAIL,,references/orientation_probe_decks/runs/ori_law12_M2_skew_requested_ip1_io0_a000/ori_law12_M2_skew_requested_ip1_io0_a000A001.vtk
LAW12,M2_skew_requested_ip1,M2_skew_requested,"Prior-style skew_ID set but Ip=1, so CFG/source indicate skew is ignored",0,1,30.0,22.267164983219914,ori_law12_M2_skew_requested_ip1_io0_a030,0,0,0,9.065303980939104,8.772514115231274,9.08110004530705,4537252.5,0.0004996368807042018,0.0005005074854125269,439.0708980560303,4390708.980560303,59.28846807498604,False,1,FAIL,,references/orientation_probe_decks/runs/ori_law12_M2_skew_requested_ip1_io0_a030/ori_law12_M2_skew_requested_ip1_io0_a030A001.vtk
LAW12,M2_skew_requested_ip1,M2_skew_requested,"Prior-style skew_ID set but Ip=1, so CFG/source indicate skew is ignored",0,1,45.0,13.277196220353677,ori_law12_M2_skew_requested_ip1_io0_a045,0,0,0,9.065303980939104,8.772514115231274,9.08110004530705,4537252.5,0.0004996368807042018,0.0005005074854125269,439.0708980560303,4390708.980560303,31.72275358074339,False,1,FAIL,,references/orientation_probe_decks/runs/ori_law12_M2_skew_requested_ip1_io0_a045/ori_law12_M2_skew_requested_ip1_io0_a045A001.vtk
LAW12,M2_skew_requested_ip1,M2_skew_requested,"Prior-style skew_ID set but Ip=1, so CFG/source indicate skew is ignored",0,1,60.0,10.303106998372343,ori_law12_M2_skew_requested_ip1_io0_a060,0,0,0,9.065303980939104,8.772514115231274,9.08110004530705,4537252.5,0.0004996368807042018,0.0005005074854125269,439.0708980560303,4390708.980560303,12.013881032476744,False,1,FAIL,,references/orientation_probe_decks/runs/ori_law12_M2_skew_requested_ip1_io0_a060/ori_law12_M2_skew_requested_ip1_io0_a060A001.vtk
LAW12,M2_skew_requested_ip1,M2_skew_requested,"Prior-style skew_ID set but Ip=1, so CFG/source indicate skew is ignored",0,1,90.0,9.08,ori_law12_M2_skew_requested_ip1_io0_a090,0,0,0,9.065303980939104,8.772514115231274,9.08110004530705,4537252.5,0.0004996368807042018,0.0005005074854125269,439.0708980560303,4390708.980560303,0.16185043018607842,True,1,FAIL,,references/orientation_probe_decks/runs/ori_law12_M2_skew_requested_ip1_io0_a090/ori_law12_M2_skew_requested_ip1_io0_a090A001.vtk
LAW12,M2_skew_requested_ip1,M2_skew_requested,"Prior-style skew_ID set but Ip=1, so CFG/source indicate skew is ignored",1,1,0.0,171.4,ori_law12_M2_skew_requested_ip1_io1_a000,0,0,0,171.30042760513442,170.9839072982084,171.41182990544542,85730299.0,0.0005001422541681677,0.000500467513120384,8557.189086914062,85571890.86914062,0.05809357926812723,True,1,FAIL,,references/orientation_probe_decks/runs/ori_law12_M2_skew_requested_ip1_io1_a000/ori_law12_M2_skew_requested_ip1_io1_a000A001.vtk
LAW12,M2_skew_requested_ip1,M2_skew_requested,"Prior-style skew_ID set but Ip=1, so CFG/source indicate skew is ignored",1,1,30.0,22.267164983219914,ori_law12_M2_skew_requested_ip1_io1_a030,0,0,0,171.30042760513442,170.9839072982084,171.41182990544542,85730299.0,0.0005001422541681677,0.000500467513120384,8557.189086914062,85571890.86914062,669.2960811770289,False,1,FAIL,,references/orientation_probe_decks/runs/ori_law12_M2_skew_requested_ip1_io1_a030/ori_law12_M2_skew_requested_ip1_io1_a030A001.vtk
LAW12,M2_skew_requested_ip1,M2_skew_requested,"Prior-style skew_ID set but Ip=1, so CFG/source indicate skew is ignored",1,1,45.0,13.277196220353677,ori_law12_M2_skew_requested_ip1_io1_a045,0,0,0,171.30042760513442,170.9839072982084,171.41182990544542,85730299.0,0.0005001422541681677,0.000500467513120384,8557.189086914062,85571890.86914062,1190.1852526856107,False,1,FAIL,,references/orientation_probe_decks/runs/ori_law12_M2_skew_requested_ip1_io1_a045/ori_law12_M2_skew_requested_ip1_io1_a045A001.vtk
LAW12,M2_skew_requested_ip1,M2_skew_requested,"Prior-style skew_ID set but Ip=1, so CFG/source indicate skew is ignored",1,1,60.0,10.303106998372343,ori_law12_M2_skew_requested_ip1_io1_a060,0,0,0,171.30042760513442,170.9839072982084,171.41182990544542,85730299.0,0.0005001422541681677,0.000500467513120384,8557.189086914062,85571890.86914062,1562.6094209464777,False,1,FAIL,,references/orientation_probe_decks/runs/ori_law12_M2_skew_requested_ip1_io1_a060/ori_law12_M2_skew_requested_ip1_io1_a060A001.vtk
LAW12,M2_skew_requested_ip1,M2_skew_requested,"Prior-style skew_ID set but Ip=1, so CFG/source indicate skew is ignored",1,1,90.0,9.08,ori_law12_M2_skew_requested_ip1_io1_a090,0,0,0,171.30042760513442,170.9839072982084,171.41182990544542,85730299.0,0.0005001422541681677,0.000500467513120384,8557.189086914062,85571890.86914062,1786.5685859596304,False,1,FAIL,,references/orientation_probe_decks/runs/ori_law12_M2_skew_requested_ip1_io1_a090/ori_law12_M2_skew_requested_ip1_io1_a090A001.vtk
LAW12,M2_skew_requested_ip3,M2_skew_requested,"skew_ID set but Ip=3, retained for requested cross product",0,3,0.0,171.4,ori_law12_M2_skew_requested_ip3_io0_a000,0,0,0,171.23943863142526,171.6416699584078,171.39848383412087,85699776.0,0.0005000031160307117,0.000500467513120384,8590.107971191406,85901079.71191406,0.09367641107044197,True,1,FAIL,,references/orientation_probe_decks/runs/ori_law12_M2_skew_requested_ip3_io0_a000/ori_law12_M2_skew_requested_ip3_io0_a000A001.vtk
LAW12,M2_skew_requested_ip3,M2_skew_requested,"skew_ID set but Ip=3, retained for requested cross product",0,3,30.0,22.267164983219914,ori_law12_M2_skew_requested_ip3_io0_a030,0,0,0,171.23943863142526,171.6416699584078,171.39848383412087,85699776.0,0.0005000031160307117,0.000500467513120384,8590.107971191406,85901079.71191406,669.0221847301524,False,1,FAIL,,references/orientation_probe_decks/runs/ori_law12_M2_skew_requested_ip3_io0_a030/ori_law12_M2_skew_requested_ip3_io0_a030A001.vtk
LAW12,M2_skew_requested_ip3,M2_skew_requested,"skew_ID set but Ip=3, retained for requested cross product",0,3,45.0,13.277196220353677,ori_law12_M2_skew_requested_ip3_io0_a045,0,0,0,171.23943863142526,171.6416699584078,171.39848383412087,85699776.0,0.0005000031160307117,0.000500467513120384,8590.107971191406,85901079.71191406,1189.7259013835967,False,1,FAIL,,references/orientation_probe_decks/runs/ori_law12_M2_skew_requested_ip3_io0_a045/ori_law12_M2_skew_requested_ip3_io0_a045A001.vtk
LAW12,M2_skew_requested_ip3,M2_skew_requested,"skew_ID set but Ip=3, retained for requested cross product",0,3,60.0,10.303106998372343,ori_law12_M2_skew_requested_ip3_io0_a060,0,0,0,171.23943863142526,171.6416699584078,171.39848383412087,85699776.0,0.0005000031160307117,0.000500467513120384,8590.107971191406,85901079.71191406,1562.0174735492624,False,1,FAIL,,references/orientation_probe_decks/runs/ori_law12_M2_skew_requested_ip3_io0_a060/ori_law12_M2_skew_requested_ip3_io0_a060A001.vtk
LAW12,M2_skew_requested_ip3,M2_skew_requested,"skew_ID set but Ip=3, retained for requested cross product",0,3,90.0,9.08,ori_law12_M2_skew_requested_ip3_io0_a090,0,0,0,171.23943863142526,171.6416699584078,171.39848383412087,85699776.0,0.0005000031160307117,0.000500467513120384,8590.107971191406,85901079.71191406,1785.8969012271505,False,1,FAIL,,references/orientation_probe_decks/runs/ori_law12_M2_skew_requested_ip3_io0_a090/ori_law12_M2_skew_requested_ip3_io0_a090A001.vtk
LAW12,M2_skew_requested_ip3,M2_skew_requested,"skew_ID set but Ip=3, retained for requested cross product",1,3,0.0,171.4,ori_law12_M2_skew_requested_ip3_io1_a000,0,0,0,9.031886564480953,9.48466855577022,9.069885246854184,4519962.5,0.0004983483668183908,0.0005004450031265151,474.6554985046387,4746554.985046387,94.73052125759571,False,1,FAIL,,references/orientation_probe_decks/runs/ori_law12_M2_skew_requested_ip3_io1_a000/ori_law12_M2_skew_requested_ip3_io1_a000A001.vtk
LAW12,M2_skew_requested_ip3,M2_skew_requested,"skew_ID set but Ip=3, retained for requested cross product",1,3,30.0,22.267164983219914,ori_law12_M2_skew_requested_ip3_io1_a030,0,0,0,9.031886564480953,9.48466855577022,9.069885246854184,4519962.5,0.0004983483668183908,0.0005004450031265151,474.6554985046387,4746554.985046387,59.43854293401427,False,1,FAIL,,references/orientation_probe_decks/runs/ori_law12_M2_skew_requested_ip3_io1_a030/ori_law12_M2_skew_requested_ip3_io1_a030A001.vtk
LAW12,M2_skew_requested_ip3,M2_skew_requested,"skew_ID set but Ip=3, retained for requested cross product",1,3,45.0,13.277196220353677,ori_law12_M2_skew_requested_ip3_io1_a045,0,0,0,9.031886564480953,9.48466855577022,9.069885246854184,4519962.5,0.0004983483668183908,0.0005004450031265151,474.6554985046387,4746554.985046387,31.974443891736325,False,1,FAIL,,references/orientation_probe_decks/runs/ori_law12_M2_skew_requested_ip3_io1_a045/ori_law12_M2_skew_requested_ip3_io1_a045A001.vtk
LAW12,M2_skew_requested_ip3,M2_skew_requested,"skew_ID set but Ip=3, retained for requested cross product",1,3,60.0,10.303106998372343,ori_law12_M2_skew_requested_ip3_io1_a060,0,0,0,9.031886564480953,9.48466855577022,9.069885246854184,4519962.5,0.0004983483668183908,0.0005004450031265151,474.6554985046387,4746554.985046387,12.338224130761855,False,1,FAIL,,references/orientation_probe_decks/runs/ori_law12_M2_skew_requested_ip3_io1_a060/ori_law12_M2_skew_requested_ip3_io1_a060A001.vtk
LAW12,M2_skew_requested_ip3,M2_skew_requested,"skew_ID set but Ip=3, retained for requested cross product",1,3,90.0,9.08,ori_law12_M2_skew_requested_ip3_io1_a090,0,0,0,9.031886564480953,9.48466855577022,9.069885246854184,4519962.5,0.0004983483668183908,0.0005004450031265151,474.6554985046387,4746554.985046387,0.5298836510908236,True,1,FAIL,,references/orientation_probe_decks/runs/ori_law12_M2_skew_requested_ip3_io1_a090/ori_law12_M2_skew_requested_ip3_io1_a090A001.vtk
LAW12,M2_skew_ip0,M2_skew,documented skew_ID use: Ip=0 references /SKEW/FIX,0,0,0.0,171.4,ori_law12_M2_skew_ip0_io0_a000,0,0,0,9.14102265808943,8.763832031786285,9.079337909023062,4574556.25,0.000503842493344564,0.0005004425020160852,438.579402923584,4385794.02923584,94.66684792410186,False,1,FAIL,,references/orientation_probe_decks/runs/ori_law12_M2_skew_ip0_io0_a000/ori_law12_M2_skew_ip0_io0_a000A001.vtk
LAW12,M2_skew_ip0,M2_skew,documented skew_ID use: Ip=0 references /SKEW/FIX,0,0,30.0,22.267164983219914,ori_law12_M2_skew_ip0_io0_a030,0,0,0,9.14102265808943,8.763832031786285,20.765981444839337,4574556.25,0.00022029087631381117,0.0005004425020160852,438.579402923584,4385794.02923584,58.94842174575021,False,1,FAIL,,references/orientation_probe_decks/runs/ori_law12_M2_skew_ip0_io0_a030/ori_law12_M2_skew_ip0_io0_a030A001.vtk
LAW12,M2_skew_ip0,M2_skew,documented skew_ID use: Ip=0 references /SKEW/FIX,0,0,45.0,13.277196220353677,ori_law12_M2_skew_ip0_io0_a045,0,0,0,9.14102265808943,8.763832031786285,36.32950053982659,4574556.25,0.00012591850099852309,0.0005004425020160852,438.579402923584,4385794.02923584,31.15246241464425,False,1,FAIL,,references/orientation_probe_decks/runs/ori_law12_M2_skew_ip0_io0_a045/ori_law12_M2_skew_ip0_io0_a045A001.vtk
LAW12,M2_skew_ip0,M2_skew,documented skew_ID use: Ip=0 references /SKEW/FIX,0,0,60.0,10.303106998372343,ori_law12_M2_skew_ip0_io0_a060,0,0,0,9.14102265808943,8.763832031786285,20.745522197927933,4574556.25,0.00022050812731322367,0.0005004425020160852,438.579402923584,4385794.02923584,11.278969930783948,False,1,FAIL,,references/orientation_probe_decks/runs/ori_law12_M2_skew_ip0_io0_a060/ori_law12_M2_skew_ip0_io0_a060A001.vtk
LAW12,M2_skew_ip0,M2_skew,documented skew_ID use: Ip=0 references /SKEW/FIX,0,0,90.0,9.08,ori_law12_M2_skew_ip0_io0_a090,0,0,0,9.14102265808943,8.763832031786285,9.079337909023062,4574556.25,0.000503842493344564,0.0005004425020160852,438.579402923584,4385794.02923584,0.6720557058307253,True,1,FAIL,,references/orientation_probe_decks/runs/ori_law12_M2_skew_ip0_io0_a090/ori_law12_M2_skew_ip0_io0_a090A001.vtk
LAW12,M2_skew_ip0,M2_skew,documented skew_ID use: Ip=0 references /SKEW/FIX,1,0,0.0,171.4,ori_law12_M2_skew_ip0_io1_a000,0,0,0,9.01507496192797,9.476133953627766,9.063196611701676,4512112.5,0.0004978500073775649,0.0005005074854125269,474.28759765625,4742875.9765625,94.74032966048543,False,1,FAIL,,references/orientation_probe_decks/runs/ori_law12_M2_skew_ip0_io1_a000/ori_law12_M2_skew_ip0_io1_a000A001.vtk
LAW12,M2_skew_ip0,M2_skew,documented skew_ID use: Ip=0 references /SKEW/FIX,1,0,30.0,22.267164983219914,ori_law12_M2_skew_ip0_io1_a030,0,0,0,9.01507496192797,9.476133953627766,15.090197714286253,4512112.5,0.00029900950175942853,0.0005005074854125269,474.28759765625,4742875.9765625,59.51404245344412,False,1,FAIL,,references/orientation_probe_decks/runs/ori_law12_M2_skew_ip0_io1_a030/ori_law12_M2_skew_ip0_io1_a030A001.vtk
LAW12,M2_skew_ip0,M2_skew,documented skew_ID use: Ip=0 references /SKEW/FIX,1,0,45.0,13.277196220353677,ori_law12_M2_skew_ip0_io1_a045,0,0,0,9.01507496192797,9.476133953627766,10.869744656324213,4512112.5,0.00041510749724693596,0.0005005074854125269,474.28759765625,4742875.9765625,32.10106401750664,False,1,FAIL,,references/orientation_probe_decks/runs/ori_law12_M2_skew_ip0_io1_a045/ori_law12_M2_skew_ip0_io1_a045A001.vtk
LAW12,M2_skew_ip0,M2_skew,documented skew_ID use: Ip=0 references /SKEW/FIX,1,0,60.0,10.303106998372343,ori_law12_M2_skew_ip0_io1_a060,0,0,0,9.01507496192797,9.476133953627766,9.641240203055103,4512112.5,0.0004680012534663547,0.0005005074854125269,474.28759765625,4742875.9765625,12.501394352672957,False,1,FAIL,,references/orientation_probe_decks/runs/ori_law12_M2_skew_ip0_io1_a060/ori_law12_M2_skew_ip0_io1_a060A001.vtk
LAW12,M2_skew_ip0,M2_skew,documented skew_ID use: Ip=0 references /SKEW/FIX,1,0,90.0,9.08,ori_law12_M2_skew_ip0_io1_a090,0,0,0,9.01507496192797,9.476133953627766,9.063196611701676,4512112.5,0.0004978500073775649,0.0005005074854125269,474.28759765625,4742875.9765625,0.7150334589430519,True,1,FAIL,,references/orientation_probe_decks/runs/ori_law12_M2_skew_ip0_io1_a090/ori_law12_M2_skew_ip0_io1_a090A001.vtk
LAW12,M3_vector_requested_ip1,M3_vector_requested,"fiber vector populated but Ip=1, retained for requested cross product",0,1,0.0,171.4,ori_law12_M3_vector_requested_ip1_io0_a000,0,0,0,9.065303980939104,8.772514115231274,9.08110004530705,4537252.5,0.0004996368807042018,0.0005005074854125269,439.0708980560303,4390708.980560303,94.71102451520471,False,1,FAIL,,references/orientation_probe_decks/runs/ori_law12_M3_vector_requested_ip1_io0_a000/ori_law12_M3_vector_requested_ip1_io0_a000A001.vtk
LAW12,M3_vector_requested_ip1,M3_vector_requested,"fiber vector populated but Ip=1, retained for requested cross product",0,1,30.0,22.267164983219914,ori_law12_M3_vector_requested_ip1_io0_a030,0,0,0,9.065303980939104,8.772514115231274,9.08110004530705,4537252.5,0.0004996368807042018,0.0005005074854125269,439.0708980560303,4390708.980560303,59.28846807498604,False,1,FAIL,,references/orientation_probe_decks/runs/ori_law12_M3_vector_requested_ip1_io0_a030/ori_law12_M3_vector_requested_ip1_io0_a030A001.vtk
LAW12,M3_vector_requested_ip1,M3_vector_requested,"fiber vector populated but Ip=1, retained for requested cross product",0,1,45.0,13.277196220353677,ori_law12_M3_vector_requested_ip1_io0_a045,0,0,0,9.065303980939104,8.772514115231274,9.08110004530705,4537252.5,0.0004996368807042018,0.0005005074854125269,439.0708980560303,4390708.980560303,31.72275358074339,False,1,FAIL,,references/orientation_probe_decks/runs/ori_law12_M3_vector_requested_ip1_io0_a045/ori_law12_M3_vector_requested_ip1_io0_a045A001.vtk
LAW12,M3_vector_requested_ip1,M3_vector_requested,"fiber vector populated but Ip=1, retained for requested cross product",0,1,60.0,10.303106998372343,ori_law12_M3_vector_requested_ip1_io0_a060,0,0,0,9.065303980939104,8.772514115231274,9.08110004530705,4537252.5,0.0004996368807042018,0.0005005074854125269,439.0708980560303,4390708.980560303,12.013881032476744,False,1,FAIL,,references/orientation_probe_decks/runs/ori_law12_M3_vector_requested_ip1_io0_a060/ori_law12_M3_vector_requested_ip1_io0_a060A001.vtk
LAW12,M3_vector_requested_ip1,M3_vector_requested,"fiber vector populated but Ip=1, retained for requested cross product",0,1,90.0,9.08,ori_law12_M3_vector_requested_ip1_io0_a090,0,0,0,9.065303980939104,8.772514115231274,9.08110004530705,4537252.5,0.0004996368807042018,0.0005005074854125269,439.0708980560303,4390708.980560303,0.16185043018607842,True,1,FAIL,,references/orientation_probe_decks/runs/ori_law12_M3_vector_requested_ip1_io0_a090/ori_law12_M3_vector_requested_ip1_io0_a090A001.vtk
LAW12,M3_vector_requested_ip1,M3_vector_requested,"fiber vector populated but Ip=1, retained for requested cross product",1,1,0.0,171.4,ori_law12_M3_vector_requested_ip1_io1_a000,0,0,0,171.30042760513442,170.9839072982084,171.41182990544542,85730299.0,0.0005001422541681677,0.000500467513120384,8557.189086914062,85571890.86914062,0.05809357926812723,True,1,FAIL,,references/orientation_probe_decks/runs/ori_law12_M3_vector_requested_ip1_io1_a000/ori_law12_M3_vector_requested_ip1_io1_a000A001.vtk
LAW12,M3_vector_requested_ip1,M3_vector_requested,"fiber vector populated but Ip=1, retained for requested cross product",1,1,30.0,22.267164983219914,ori_law12_M3_vector_requested_ip1_io1_a030,0,0,0,171.30042760513442,170.9839072982084,171.41182990544542,85730299.0,0.0005001422541681677,0.000500467513120384,8557.189086914062,85571890.86914062,669.2960811770289,False,1,FAIL,,references/orientation_probe_decks/runs/ori_law12_M3_vector_requested_ip1_io1_a030/ori_law12_M3_vector_requested_ip1_io1_a030A001.vtk
LAW12,M3_vector_requested_ip1,M3_vector_requested,"fiber vector populated but Ip=1, retained for requested cross product",1,1,45.0,13.277196220353677,ori_law12_M3_vector_requested_ip1_io1_a045,0,0,0,171.30042760513442,170.9839072982084,171.41182990544542,85730299.0,0.0005001422541681677,0.000500467513120384,8557.189086914062,85571890.86914062,1190.1852526856107,False,1,FAIL,,references/orientation_probe_decks/runs/ori_law12_M3_vector_requested_ip1_io1_a045/ori_law12_M3_vector_requested_ip1_io1_a045A001.vtk
LAW12,M3_vector_requested_ip1,M3_vector_requested,"fiber vector populated but Ip=1, retained for requested cross product",1,1,60.0,10.303106998372343,ori_law12_M3_vector_requested_ip1_io1_a060,0,0,0,171.30042760513442,170.9839072982084,171.41182990544542,85730299.0,0.0005001422541681677,0.000500467513120384,8557.189086914062,85571890.86914062,1562.6094209464777,False,1,FAIL,,references/orientation_probe_decks/runs/ori_law12_M3_vector_requested_ip1_io1_a060/ori_law12_M3_vector_requested_ip1_io1_a060A001.vtk
LAW12,M3_vector_requested_ip1,M3_vector_requested,"fiber vector populated but Ip=1, retained for requested cross product",1,1,90.0,9.08,ori_law12_M3_vector_requested_ip1_io1_a090,0,0,0,171.30042760513442,170.9839072982084,171.41182990544542,85730299.0,0.0005001422541681677,0.000500467513120384,8557.189086914062,85571890.86914062,1786.5685859596304,False,1,FAIL,,references/orientation_probe_decks/runs/ori_law12_M3_vector_requested_ip1_io1_a090/ori_law12_M3_vector_requested_ip1_io1_a090A001.vtk
LAW12,M3_vector_requested_ip3,M3_vector_requested,"fiber vector populated but Ip=3, retained for requested cross product",0,3,0.0,171.4,ori_law12_M3_vector_requested_ip3_io0_a000,0,0,0,171.23943863142526,171.6416699584078,171.39848383412087,85699776.0,0.0005000031160307117,0.000500467513120384,8590.107971191406,85901079.71191406,0.09367641107044197,True,1,FAIL,,references/orientation_probe_decks/runs/ori_law12_M3_vector_requested_ip3_io0_a000/ori_law12_M3_vector_requested_ip3_io0_a000A001.vtk
LAW12,M3_vector_requested_ip3,M3_vector_requested,"fiber vector populated but Ip=3, retained for requested cross product",0,3,30.0,22.267164983219914,ori_law12_M3_vector_requested_ip3_io0_a030,0,0,0,171.23943863142526,171.6416699584078,171.39848383412087,85699776.0,0.0005000031160307117,0.000500467513120384,8590.107971191406,85901079.71191406,669.0221847301524,False,1,FAIL,,references/orientation_probe_decks/runs/ori_law12_M3_vector_requested_ip3_io0_a030/ori_law12_M3_vector_requested_ip3_io0_a030A001.vtk
LAW12,M3_vector_requested_ip3,M3_vector_requested,"fiber vector populated but Ip=3, retained for requested cross product",0,3,45.0,13.277196220353677,ori_law12_M3_vector_requested_ip3_io0_a045,0,0,0,171.23943863142526,171.6416699584078,171.39848383412087,85699776.0,0.0005000031160307117,0.000500467513120384,8590.107971191406,85901079.71191406,1189.7259013835967,False,1,FAIL,,references/orientation_probe_decks/runs/ori_law12_M3_vector_requested_ip3_io0_a045/ori_law12_M3_vector_requested_ip3_io0_a045A001.vtk
LAW12,M3_vector_requested_ip3,M3_vector_requested,"fiber vector populated but Ip=3, retained for requested cross product",0,3,60.0,10.303106998372343,ori_law12_M3_vector_requested_ip3_io0_a060,0,0,0,171.23943863142526,171.6416699584078,171.39848383412087,85699776.0,0.0005000031160307117,0.000500467513120384,8590.107971191406,85901079.71191406,1562.0174735492624,False,1,FAIL,,references/orientation_probe_decks/runs/ori_law12_M3_vector_requested_ip3_io0_a060/ori_law12_M3_vector_requested_ip3_io0_a060A001.vtk
LAW12,M3_vector_requested_ip3,M3_vector_requested,"fiber vector populated but Ip=3, retained for requested cross product",0,3,90.0,9.08,ori_law12_M3_vector_requested_ip3_io0_a090,0,0,0,171.23943863142526,171.6416699584078,171.39848383412087,85699776.0,0.0005000031160307117,0.000500467513120384,8590.107971191406,85901079.71191406,1785.8969012271505,False,1,FAIL,,references/orientation_probe_decks/runs/ori_law12_M3_vector_requested_ip3_io0_a090/ori_law12_M3_vector_requested_ip3_io0_a090A001.vtk
LAW12,M3_vector_requested_ip3,M3_vector_requested,"fiber vector populated but Ip=3, retained for requested cross product",1,3,0.0,171.4,ori_law12_M3_vector_requested_ip3_io1_a000,0,0,0,9.031886564480953,9.48466855577022,9.069885246854184,4519962.5,0.0004983483668183908,0.0005004450031265151,474.6554985046387,4746554.985046387,94.73052125759571,False,1,FAIL,,references/orientation_probe_decks/runs/ori_law12_M3_vector_requested_ip3_io1_a000/ori_law12_M3_vector_requested_ip3_io1_a000A001.vtk
LAW12,M3_vector_requested_ip3,M3_vector_requested,"fiber vector populated but Ip=3, retained for requested cross product",1,3,30.0,22.267164983219914,ori_law12_M3_vector_requested_ip3_io1_a030,0,0,0,9.031886564480953,9.48466855577022,9.069885246854184,4519962.5,0.0004983483668183908,0.0005004450031265151,474.6554985046387,4746554.985046387,59.43854293401427,False,1,FAIL,,references/orientation_probe_decks/runs/ori_law12_M3_vector_requested_ip3_io1_a030/ori_law12_M3_vector_requested_ip3_io1_a030A001.vtk
LAW12,M3_vector_requested_ip3,M3_vector_requested,"fiber vector populated but Ip=3, retained for requested cross product",1,3,45.0,13.277196220353677,ori_law12_M3_vector_requested_ip3_io1_a045,0,0,0,9.031886564480953,9.48466855577022,9.069885246854184,4519962.5,0.0004983483668183908,0.0005004450031265151,474.6554985046387,4746554.985046387,31.974443891736325,False,1,FAIL,,references/orientation_probe_decks/runs/ori_law12_M3_vector_requested_ip3_io1_a045/ori_law12_M3_vector_requested_ip3_io1_a045A001.vtk
LAW12,M3_vector_requested_ip3,M3_vector_requested,"fiber vector populated but Ip=3, retained for requested cross product",1,3,60.0,10.303106998372343,ori_law12_M3_vector_requested_ip3_io1_a060,0,0,0,9.031886564480953,9.48466855577022,9.069885246854184,4519962.5,0.0004983483668183908,0.0005004450031265151,474.6554985046387,4746554.985046387,12.338224130761855,False,1,FAIL,,references/orientation_probe_decks/runs/ori_law12_M3_vector_requested_ip3_io1_a060/ori_law12_M3_vector_requested_ip3_io1_a060A001.vtk
LAW12,M3_vector_requested_ip3,M3_vector_requested,"fiber vector populated but Ip=3, retained for requested cross product",1,3,90.0,9.08,ori_law12_M3_vector_requested_ip3_io1_a090,0,0,0,9.031886564480953,9.48466855577022,9.069885246854184,4519962.5,0.0004983483668183908,0.0005004450031265151,474.6554985046387,4746554.985046387,0.5298836510908236,True,1,FAIL,,references/orientation_probe_decks/runs/ori_law12_M3_vector_requested_ip3_io1_a090/ori_law12_M3_vector_requested_ip3_io1_a090A001.vtk
LAW12,M3_vector_ip11,M3_vector_project,project V on plane normal to local 3-axis,0,11,0.0,171.4,ori_law12_M3_vector_ip11_io0_a000,0,0,0,9.065303980939104,8.772514115231274,9.08110004530705,4537252.5,0.0004996368807042018,0.0005005074854125269,439.0708980560303,4390708.980560303,94.71102451520471,False,1,FAIL,,references/orientation_probe_decks/runs/ori_law12_M3_vector_ip11_io0_a000/ori_law12_M3_vector_ip11_io0_a000A001.vtk
LAW12,M3_vector_ip11,M3_vector_project,project V on plane normal to local 3-axis,0,11,30.0,22.267164983219914,ori_law12_M3_vector_ip11_io0_a030,0,0,0,9.065303980939104,8.772514115231274,9.08110004530705,4537252.5,0.0004996368807042018,0.0005005074854125269,439.0708980560303,4390708.980560303,59.28846807498604,False,1,FAIL,,references/orientation_probe_decks/runs/ori_law12_M3_vector_ip11_io0_a030/ori_law12_M3_vector_ip11_io0_a030A001.vtk
LAW12,M3_vector_ip11,M3_vector_project,project V on plane normal to local 3-axis,0,11,45.0,13.277196220353677,ori_law12_M3_vector_ip11_io0_a045,0,0,0,9.065303980939104,8.772514115231274,9.08110004530705,4537252.5,0.0004996368807042018,0.0005005074854125269,439.0708980560303,4390708.980560303,31.72275358074339,False,1,FAIL,,references/orientation_probe_decks/runs/ori_law12_M3_vector_ip11_io0_a045/ori_law12_M3_vector_ip11_io0_a045A001.vtk
LAW12,M3_vector_ip11,M3_vector_project,project V on plane normal to local 3-axis,0,11,60.0,10.303106998372343,ori_law12_M3_vector_ip11_io0_a060,0,0,0,9.065303980939104,8.772514115231274,9.08110004530705,4537252.5,0.0004996368807042018,0.0005005074854125269,439.0708980560303,4390708.980560303,12.013881032476744,False,1,FAIL,,references/orientation_probe_decks/runs/ori_law12_M3_vector_ip11_io0_a060/ori_law12_M3_vector_ip11_io0_a060A001.vtk
LAW12,M3_vector_ip11,M3_vector_project,project V on plane normal to local 3-axis,0,11,90.0,9.08,ori_law12_M3_vector_ip11_io0_a090,0,0,0,9.065303980939104,8.772514115231274,9.08110004530705,4537252.5,0.0004996368807042018,0.0005005074854125269,439.0708980560303,4390708.980560303,0.16185043018607842,True,1,FAIL,,references/orientation_probe_decks/runs/ori_law12_M3_vector_ip11_io0_a090/ori_law12_M3_vector_ip11_io0_a090A001.vtk
LAW12,M3_vector_ip11,M3_vector_project,project V on plane normal to local 3-axis,1,11,0.0,171.4,ori_law12_M3_vector_ip11_io1_a000,0,0,0,171.30042760513442,170.9839072982084,171.41182990544542,85730299.0,0.0005001422541681677,0.000500467513120384,8557.189086914062,85571890.86914062,0.05809357926812723,True,1,FAIL,,references/orientation_probe_decks/runs/ori_law12_M3_vector_ip11_io1_a000/ori_law12_M3_vector_ip11_io1_a000A001.vtk
LAW12,M3_vector_ip11,M3_vector_project,project V on plane normal to local 3-axis,1,11,30.0,22.267164983219914,ori_law12_M3_vector_ip11_io1_a030,0,0,0,171.30042760513442,170.9839072982084,171.41182990544542,85730299.0,0.0005001422541681677,0.000500467513120384,8557.189086914062,85571890.86914062,669.2960811770289,False,1,FAIL,,references/orientation_probe_decks/runs/ori_law12_M3_vector_ip11_io1_a030/ori_law12_M3_vector_ip11_io1_a030A001.vtk
LAW12,M3_vector_ip11,M3_vector_project,project V on plane normal to local 3-axis,1,11,45.0,13.277196220353677,ori_law12_M3_vector_ip11_io1_a045,0,0,0,171.30042760513442,170.9839072982084,171.41182990544542,85730299.0,0.0005001422541681677,0.000500467513120384,8557.189086914062,85571890.86914062,1190.1852526856107,False,1,FAIL,,references/orientation_probe_decks/runs/ori_law12_M3_vector_ip11_io1_a045/ori_law12_M3_vector_ip11_io1_a045A001.vtk
LAW12,M3_vector_ip11,M3_vector_project,project V on plane normal to local 3-axis,1,11,60.0,10.303106998372343,ori_law12_M3_vector_ip11_io1_a060,0,0,0,171.30042760513442,170.9839072982084,171.41182990544542,85730299.0,0.0005001422541681677,0.000500467513120384,8557.189086914062,85571890.86914062,1562.6094209464777,False,1,FAIL,,references/orientation_probe_decks/runs/ori_law12_M3_vector_ip11_io1_a060/ori_law12_M3_vector_ip11_io1_a060A001.vtk
LAW12,M3_vector_ip11,M3_vector_project,project V on plane normal to local 3-axis,1,11,90.0,9.08,ori_law12_M3_vector_ip11_io1_a090,0,0,0,171.30042760513442,170.9839072982084,171.41182990544542,85730299.0,0.0005001422541681677,0.000500467513120384,8557.189086914062,85571890.86914062,1786.5685859596304,False,1,FAIL,,references/orientation_probe_decks/runs/ori_law12_M3_vector_ip11_io1_a090/ori_law12_M3_vector_ip11_io1_a090A001.vtk
LAW12,M3_vector_ip13,M3_vector_project,project V on plane normal to local 2-axis,0,13,0.0,171.4,ori_law12_M3_vector_ip13_io0_a000,0,0,0,171.23943863142526,171.6416699584078,171.39848383412087,85699776.0,0.0005000031160307117,0.000500467513120384,8590.107971191406,85901079.71191406,0.09367641107044197,True,5,PASS,,references/orientation_probe_decks/runs/ori_law12_M3_vector_ip13_io0_a000/ori_law12_M3_vector_ip13_io0_a000A001.vtk
LAW12,M3_vector_ip13,M3_vector_project,project V on plane normal to local 2-axis,0,13,30.0,22.267164983219914,ori_law12_M3_vector_ip13_io0_a030,0,0,0,22.213085755734593,22.387616889477897,104.89174541300993,11116650.0,0.0001059821242961334,0.0005004550075682346,1120.3994979858398,11203994.979858398,0.24286534691809245,True,5,PASS,,references/orientation_probe_decks/runs/ori_law12_M3_vector_ip13_io0_a030/ori_law12_M3_vector_ip13_io0_a030A001.vtk
LAW12,M3_vector_ip13,M3_vector_project,project V on plane normal to local 2-axis,0,13,45.0,13.277196220353677,ori_law12_M3_vector_ip13_io0_a045,0,0,0,13.271242154653473,12.99321005448892,35.32614703745331,6641858.75,0.00018801537407853175,0.0005004700142308138,650.2712020874023,6502712.020874023,0.04484429996655075,True,5,PASS,,references/orientation_probe_decks/runs/ori_law12_M3_vector_ip13_io0_a045/ori_law12_M3_vector_ip13_io0_a045A001.vtk
LAW12,M3_vector_ip13,M3_vector_project,project V on plane normal to local 2-axis,0,13,60.0,10.303106998372343,ori_law12_M3_vector_ip13_io0_a060,0,0,0,10.301395685866106,10.492898997110425,16.14938070385093,5155720.0,0.0003192518706782721,0.000500487522003823,525.1565017700195,5251565.017700195,0.016609674212908578,True,5,PASS,,references/orientation_probe_decks/runs/ori_law12_M3_vector_ip13_io0_a060/ori_law12_M3_vector_ip13_io0_a060A001.vtk
LAW12,M3_vector_ip13,M3_vector_project,project V on plane normal to local 2-axis,0,13,90.0,9.08,ori_law12_M3_vector_ip13_io0_a090,0,0,0,9.065303980939104,8.772514115231274,9.08110004530705,4537252.5,0.0004996368807042018,0.0005005074854125269,439.0708980560303,4390708.980560303,0.16185043018607842,True,5,PASS,,references/orientation_probe_decks/runs/ori_law12_M3_vector_ip13_io0_a090/ori_law12_M3_vector_ip13_io0_a090A001.vtk
LAW12,M3_vector_ip13,M3_vector_project,project V on plane normal to local 2-axis,1,13,0.0,171.4,ori_law12_M3_vector_ip13_io1_a000,0,0,0,9.031886564480953,9.48466855577022,9.069885246854184,4519962.5,0.0004983483668183908,0.0005004450031265151,474.6554985046387,4746554.985046387,94.73052125759571,False,1,FAIL,,references/orientation_probe_decks/runs/ori_law12_M3_vector_ip13_io1_a000/ori_law12_M3_vector_ip13_io1_a000A001.vtk
LAW12,M3_vector_ip13,M3_vector_project,project V on plane normal to local 2-axis,1,13,30.0,22.267164983219914,ori_law12_M3_vector_ip13_io1_a030,0,0,0,22.34186178397852,22.34100419891353,15.873595813034033,11174450.0,0.0007039646297926083,0.0005001575118512847,1117.4021072387695,11174021.072387695,0.3354571667066551,True,1,FAIL,,references/orientation_probe_decks/runs/ori_law12_M3_vector_ip13_io1_a030/ori_law12_M3_vector_ip13_io1_a030A001.vtk
LAW12,M3_vector_ip13,M3_vector_project,project V on plane normal to local 2-axis,1,13,45.0,13.277196220353677,ori_law12_M3_vector_ip13_io1_a045,0,0,0,46.167022547630616,45.88233246486167,34.40854063881211,23087550.0,0.0006709831213811412,0.0005000874807592481,2294.5180053710938,22945180.053710938,247.71665479235364,False,1,FAIL,,references/orientation_probe_decks/runs/ori_law12_M3_vector_ip13_io1_a045/ori_law12_M3_vector_ip13_io1_a045A001.vtk
LAW12,M3_vector_ip13,M3_vector_project,project V on plane normal to local 2-axis,1,13,60.0,10.303106998372343,ori_law12_M3_vector_ip13_io1_a060,0,0,0,94.84505444176659,94.83565361392404,104.48544235989611,47447662.5,0.00045410787788568996,0.0005002650141250342,4744.295959472656,47442959.59472656,820.54808764725,False,1,FAIL,,references/orientation_probe_decks/runs/ori_law12_M3_vector_ip13_io1_a060/ori_law12_M3_vector_ip13_io1_a060A001.vtk
LAW12,M3_vector_ip13,M3_vector_project,project V on plane normal to local 2-axis,1,13,90.0,9.08,ori_law12_M3_vector_ip13_io1_a090,0,0,0,171.30042760513442,170.9839072982084,171.41182990544542,85730299.0,0.0005001422541681677,0.000500467513120384,8557.189086914062,85571890.86914062,1786.5685859596304,False,1,FAIL,,references/orientation_probe_decks/runs/ori_law12_M3_vector_ip13_io1_a090/ori_law12_M3_vector_ip13_io1_a090A001.vtk
LAW12,M4_vector_point_ip24,M4_vector_point,"source-driven Vj+Pt mode; V is transverse axis, P shifts the normal",0,24,0.0,171.4,ori_law12_M4_vector_point_ip24_io0_a000,0,0,0,168.6678285817637,169.3346983825827,171.5705672346579,84411925.0,0.0004919953717035241,0.0005004625108995242,8474.566833496094,84745668.33496094,1.5940323326932893,True,5,PASS,,references/orientation_probe_decks/runs/ori_law12_M4_vector_point_ip24_io0_a000/ori_law12_M4_vector_point_ip24_io0_a000A001.vtk
LAW12,M4_vector_point_ip24,M4_vector_point,"source-driven Vj+Pt mode; V is transverse axis, P shifts the normal",0,24,30.0,22.267164983219914,ori_law12_M4_vector_point_ip24_io0_a030,0,0,0,22.191705212352698,22.338481610649584,104.9937498557016,11105950.0,0.00010577724879112793,0.0005004550075682346,1117.9404983520508,11179404.983520508,0.3388836024885932,True,5,PASS,,references/orientation_probe_decks/runs/ori_law12_M4_vector_point_ip24_io0_a030/ori_law12_M4_vector_point_ip24_io0_a030A001.vtk
LAW12,M4_vector_point_ip24,M4_vector_point,"source-driven Vj+Pt mode; V is transverse axis, P shifts the normal",0,24,45.0,13.277196220353677,ori_law12_M4_vector_point_ip24_io0_a045,0,0,0,13.27257340324191,12.971548593148633,35.34101582070581,6642525.0,0.0001879551236925181,0.0005004700142308138,649.1871109008789,6491871.109008789,0.03481772081275881,True,5,PASS,,references/orientation_probe_decks/runs/ori_law12_M4_vector_point_ip24_io0_a045/ori_law12_M4_vector_point_ip24_io0_a045A001.vtk
LAW12,M4_vector_point_ip24,M4_vector_point,"source-driven Vj+Pt mode; V is transverse axis, P shifts the normal",0,24,60.0,10.303106998372343,ori_law12_M4_vector_point_ip24_io0_a060,0,0,0,10.301548037316739,10.495918209007675,16.15131390290853,5155796.25,0.000319218379445374,0.000500487522003823,525.3076095581055,5253076.095581055,0.015130979964113883,True,5,PASS,,references/orientation_probe_decks/runs/ori_law12_M4_vector_point_ip24_io0_a060/ori_law12_M4_vector_point_ip24_io0_a060A001.vtk
LAW12,M4_vector_point_ip24,M4_vector_point,"source-driven Vj+Pt mode; V is transverse axis, P shifts the normal",0,24,90.0,9.08,ori_law12_M4_vector_point_ip24_io0_a090,0,0,0,9.065348935311725,8.77214446478093,9.081127092850359,4537275.0,0.0004996378702344373,0.0005005074854125269,439.052396774292,4390523.96774292,0.16135533797659013,True,5,PASS,,references/orientation_probe_decks/runs/ori_law12_M4_vector_point_ip24_io0_a090/ori_law12_M4_vector_point_ip24_io0_a090A001.vtk
LAW12,M4_vector_point_ip24,M4_vector_point,"source-driven Vj+Pt mode; V is transverse axis, P shifts the normal",1,24,0.0,171.4,ori_law12_M4_vector_point_ip24_io1_a000,0,0,0,9.031219658031862,9.487134393995694,9.069497580622068,4519628.75,0.0004983328690286726,0.0005004450031265151,474.7789001464844,4747789.001464844,94.73091035120662,False,1,FAIL,,references/orientation_probe_decks/runs/ori_law12_M4_vector_point_ip24_io1_a000/ori_law12_M4_vector_point_ip24_io1_a000A001.vtk
LAW12,M4_vector_point_ip24,M4_vector_point,"source-driven Vj+Pt mode; V is transverse axis, P shifts the normal",1,24,30.0,22.267164983219914,ori_law12_M4_vector_point_ip24_io1_a030,0,0,0,22.31427047589455,22.31184285320207,15.870532150946548,11160650.0,0.0007032309877104126,0.0005001575118512847,1115.9435806274414,11159435.806274414,0.21154687949783724,True,1,FAIL,,references/orientation_probe_decks/runs/ori_law12_M4_vector_point_ip24_io1_a030/ori_law12_M4_vector_point_ip24_io1_a030A001.vtk
LAW12,M4_vector_point_ip24,M4_vector_point,"source-driven Vj+Pt mode; V is transverse axis, P shifts the normal",1,24,45.0,13.277196220353677,ori_law12_M4_vector_point_ip24_io1_a045,0,0,0,46.24790839571981,45.98337435673134,34.5003761051112,23128000.0,0.0006703695034957491,0.0005000874807592481,2299.5709838867188,22995709.838867188,248.32586359477534,False,1,FAIL,,references/orientation_probe_decks/runs/ori_law12_M4_vector_point_ip24_io1_a045/ori_law12_M4_vector_point_ip24_io1_a045A001.vtk
LAW12,M4_vector_point_ip24,M4_vector_point,"source-driven Vj+Pt mode; V is transverse axis, P shifts the normal",1,24,60.0,10.303106998372343,ori_law12_M4_vector_point_ip24_io1_a060,0,0,0,94.75497617111311,94.71485231530681,104.6247225133173,47402362.5,0.0004530703772616107,0.0005002625130146043,4738.22900390625,47382290.0390625,819.6738050578552,False,1,FAIL,,references/orientation_probe_decks/runs/ori_law12_M4_vector_point_ip24_io1_a060/ori_law12_M4_vector_point_ip24_io1_a060A001.vtk
LAW12,M4_vector_point_ip24,M4_vector_point,"source-driven Vj+Pt mode; V is transverse axis, P shifts the normal",1,24,90.0,9.08,ori_law12_M4_vector_point_ip24_io1_a090,0,0,0,171.29678501105548,170.98320239090896,171.41178828166636,85728476.0,0.0005001317404094152,0.000500467513120384,8557.15380859375,85571538.0859375,1786.528469284752,False,1,FAIL,,references/orientation_probe_decks/runs/ori_law12_M4_vector_point_ip24_io1_a090/ori_law12_M4_vector_point_ip24_io1_a090A001.vtk
LAW12,M5_inibri_ortho_ip1,M5_inibri_ortho,/INIBRI/ORTHO global g1/g2 axes with neutral Ip=1 property,0,1,0.0,171.4,ori_law12_M5_inibri_ortho_ip1_io0_a000,0,0,0,171.23943863142526,171.6416699584078,171.39848383412087,85699776.0,0.0005000031160307117,0.000500467513120384,8590.107971191406,85901079.71191406,0.09367641107044197,True,5,PASS,,references/orientation_probe_decks/runs/ori_law12_M5_inibri_ortho_ip1_io0_a000/ori_law12_M5_inibri_ortho_ip1_io0_a000A001.vtk
LAW12,M5_inibri_ortho_ip1,M5_inibri_ortho,/INIBRI/ORTHO global g1/g2 axes with neutral Ip=1 property,0,1,30.0,22.267164983219914,ori_law12_M5_inibri_ortho_ip1_io0_a030,0,0,0,22.213085755734593,22.387616889477897,104.89174541300993,11116650.0,0.0001059821242961334,0.0005004550075682346,1120.3994979858398,11203994.979858398,0.24286534691809245,True,5,PASS,,references/orientation_probe_decks/runs/ori_law12_M5_inibri_ortho_ip1_io0_a030/ori_law12_M5_inibri_ortho_ip1_io0_a030A001.vtk
LAW12,M5_inibri_ortho_ip1,M5_inibri_ortho,/INIBRI/ORTHO global g1/g2 axes with neutral Ip=1 property,0,1,45.0,13.277196220353677,ori_law12_M5_inibri_ortho_ip1_io0_a045,0,0,0,13.271242154653473,12.99321005448892,35.32614703745331,6641858.75,0.00018801537407853175,0.0005004700142308138,650.2712020874023,6502712.020874023,0.04484429996655075,True,5,PASS,,references/orientation_probe_decks/runs/ori_law12_M5_inibri_ortho_ip1_io0_a045/ori_law12_M5_inibri_ortho_ip1_io0_a045A001.vtk
LAW12,M5_inibri_ortho_ip1,M5_inibri_ortho,/INIBRI/ORTHO global g1/g2 axes with neutral Ip=1 property,0,1,60.0,10.303106998372343,ori_law12_M5_inibri_ortho_ip1_io0_a060,0,0,0,10.301395685866106,10.492898997110425,16.14938070385093,5155720.0,0.0003192518706782721,0.000500487522003823,525.1565017700195,5251565.017700195,0.016609674212908578,True,5,PASS,,references/orientation_probe_decks/runs/ori_law12_M5_inibri_ortho_ip1_io0_a060/ori_law12_M5_inibri_ortho_ip1_io0_a060A001.vtk
LAW12,M5_inibri_ortho_ip1,M5_inibri_ortho,/INIBRI/ORTHO global g1/g2 axes with neutral Ip=1 property,0,1,90.0,9.08,ori_law12_M5_inibri_ortho_ip1_io0_a090,0,0,0,9.065303980939104,8.772514115231274,9.08110004530705,4537252.5,0.0004996368807042018,0.0005005074854125269,439.0708980560303,4390708.980560303,0.16185043018607842,True,5,PASS,,references/orientation_probe_decks/runs/ori_law12_M5_inibri_ortho_ip1_io0_a090/ori_law12_M5_inibri_ortho_ip1_io0_a090A001.vtk
LAW12,M5_inibri_ortho_ip1,M5_inibri_ortho,/INIBRI/ORTHO global g1/g2 axes with neutral Ip=1 property,1,1,0.0,171.4,ori_law12_M5_inibri_ortho_ip1_io1_a000,0,0,0,171.30042760513442,170.9839072982084,171.41182990544542,85730299.0,0.0005001422541681677,0.000500467513120384,8557.189086914062,85571890.86914062,0.05809357926812723,True,5,PASS,,references/orientation_probe_decks/runs/ori_law12_M5_inibri_ortho_ip1_io1_a000/ori_law12_M5_inibri_ortho_ip1_io1_a000A001.vtk
LAW12,M5_inibri_ortho_ip1,M5_inibri_ortho,/INIBRI/ORTHO global g1/g2 axes with neutral Ip=1 property,1,1,30.0,22.267164983219914,ori_law12_M5_inibri_ortho_ip1_io1_a030,0,0,0,22.380221708675695,22.67958195633346,106.55469253153157,11200350.0,0.00010511362506804289,0.0005004575086786645,1135.0167083740234,11350167.083740234,0.5077284222799683,True,5,PASS,,references/orientation_probe_decks/runs/ori_law12_M5_inibri_ortho_ip1_io1_a030/ori_law12_M5_inibri_ortho_ip1_io1_a030A001.vtk
LAW12,M5_inibri_ortho_ip1,M5_inibri_ortho,/INIBRI/ORTHO global g1/g2 axes with neutral Ip=1 property,1,1,45.0,13.277196220353677,ori_law12_M5_inibri_ortho_ip1_io1_a045,0,0,0,13.253181632058745,12.858542791788942,35.35100165163109,6632820.0,0.00018762749823508784,0.0005004700142308138,643.5315093994141,6435315.093994141,0.18087093009981678,True,5,PASS,,references/orientation_probe_decks/runs/ori_law12_M5_inibri_ortho_ip1_io1_a045/ori_law12_M5_inibri_ortho_ip1_io1_a045A001.vtk
LAW12,M5_inibri_ortho_ip1,M5_inibri_ortho,/INIBRI/ORTHO global g1/g2 axes with neutral Ip=1 property,1,1,60.0,10.303106998372343,ori_law12_M5_inibri_ortho_ip1_io1_a060,0,0,0,10.224404400486529,10.27625154677365,16.119492887632443,5117161.25,0.0003174517514707986,0.0005004850208933931,514.3109970092773,5143109.970092773,0.7638724697146976,True,5,PASS,,references/orientation_probe_decks/runs/ori_law12_M5_inibri_ortho_ip1_io1_a060/ori_law12_M5_inibri_ortho_ip1_io1_a060A001.vtk
LAW12,M5_inibri_ortho_ip1,M5_inibri_ortho,/INIBRI/ORTHO global g1/g2 axes with neutral Ip=1 property,1,1,90.0,9.08,ori_law12_M5_inibri_ortho_ip1_io1_a090,0,0,0,9.01507496192797,9.476133953627766,9.063196611701676,4512112.5,0.0004978500073775649,0.0005005074854125269,474.28759765625,4742875.9765625,0.7150334589430519,True,5,PASS,,references/orientation_probe_decks/runs/ori_law12_M5_inibri_ortho_ip1_io1_a090/ori_law12_M5_inibri_ortho_ip1_io1_a090A001.vtk
LAW12,M5_inibri_ortho_ip20,M5_inibri_ortho,/INIBRI/ORTHO global g1/g2 axes with source-documented Ip=20,0,20,0.0,171.4,ori_law12_M5_inibri_ortho_ip20_io0_a000,0,0,0,171.23943863142526,171.6416699584078,171.39848383412087,85699776.0,0.0005000031160307117,0.000500467513120384,8590.107971191406,85901079.71191406,0.09367641107044197,True,5,PASS,,references/orientation_probe_decks/runs/ori_law12_M5_inibri_ortho_ip20_io0_a000/ori_law12_M5_inibri_ortho_ip20_io0_a000A001.vtk
LAW12,M5_inibri_ortho_ip20,M5_inibri_ortho,/INIBRI/ORTHO global g1/g2 axes with source-documented Ip=20,0,20,30.0,22.267164983219914,ori_law12_M5_inibri_ortho_ip20_io0_a030,0,0,0,22.213085755734593,22.387616889477897,104.89174541300993,11116650.0,0.0001059821242961334,0.0005004550075682346,1120.3994979858398,11203994.979858398,0.24286534691809245,True,5,PASS,,references/orientation_probe_decks/runs/ori_law12_M5_inibri_ortho_ip20_io0_a030/ori_law12_M5_inibri_ortho_ip20_io0_a030A001.vtk
LAW12,M5_inibri_ortho_ip20,M5_inibri_ortho,/INIBRI/ORTHO global g1/g2 axes with source-documented Ip=20,0,20,45.0,13.277196220353677,ori_law12_M5_inibri_ortho_ip20_io0_a045,0,0,0,13.271242154653473,12.99321005448892,35.32614703745331,6641858.75,0.00018801537407853175,0.0005004700142308138,650.2712020874023,6502712.020874023,0.04484429996655075,True,5,PASS,,references/orientation_probe_decks/runs/ori_law12_M5_inibri_ortho_ip20_io0_a045/ori_law12_M5_inibri_ortho_ip20_io0_a045A001.vtk
LAW12,M5_inibri_ortho_ip20,M5_inibri_ortho,/INIBRI/ORTHO global g1/g2 axes with source-documented Ip=20,0,20,60.0,10.303106998372343,ori_law12_M5_inibri_ortho_ip20_io0_a060,0,0,0,10.301395685866106,10.492898997110425,16.14938070385093,5155720.0,0.0003192518706782721,0.000500487522003823,525.1565017700195,5251565.017700195,0.016609674212908578,True,5,PASS,,references/orientation_probe_decks/runs/ori_law12_M5_inibri_ortho_ip20_io0_a060/ori_law12_M5_inibri_ortho_ip20_io0_a060A001.vtk
LAW12,M5_inibri_ortho_ip20,M5_inibri_ortho,/INIBRI/ORTHO global g1/g2 axes with source-documented Ip=20,0,20,90.0,9.08,ori_law12_M5_inibri_ortho_ip20_io0_a090,0,0,0,9.065303980939104,8.772514115231274,9.08110004530705,4537252.5,0.0004996368807042018,0.0005005074854125269,439.0708980560303,4390708.980560303,0.16185043018607842,True,5,PASS,,references/orientation_probe_decks/runs/ori_law12_M5_inibri_ortho_ip20_io0_a090/ori_law12_M5_inibri_ortho_ip20_io0_a090A001.vtk
LAW12,M5_inibri_ortho_ip20,M5_inibri_ortho,/INIBRI/ORTHO global g1/g2 axes with source-documented Ip=20,1,20,0.0,171.4,ori_law12_M5_inibri_ortho_ip20_io1_a000,0,0,0,171.30042760513442,170.9839072982084,171.41182990544542,85730299.0,0.0005001422541681677,0.000500467513120384,8557.189086914062,85571890.86914062,0.05809357926812723,True,5,PASS,,references/orientation_probe_decks/runs/ori_law12_M5_inibri_ortho_ip20_io1_a000/ori_law12_M5_inibri_ortho_ip20_io1_a000A001.vtk
LAW12,M5_inibri_ortho_ip20,M5_inibri_ortho,/INIBRI/ORTHO global g1/g2 axes with source-documented Ip=20,1,20,30.0,22.267164983219914,ori_law12_M5_inibri_ortho_ip20_io1_a030,0,0,0,22.380221708675695,22.67958195633346,106.55469253153157,11200350.0,0.00010511362506804289,0.0005004575086786645,1135.0167083740234,11350167.083740234,0.5077284222799683,True,5,PASS,,references/orientation_probe_decks/runs/ori_law12_M5_inibri_ortho_ip20_io1_a030/ori_law12_M5_inibri_ortho_ip20_io1_a030A001.vtk
LAW12,M5_inibri_ortho_ip20,M5_inibri_ortho,/INIBRI/ORTHO global g1/g2 axes with source-documented Ip=20,1,20,45.0,13.277196220353677,ori_law12_M5_inibri_ortho_ip20_io1_a045,0,0,0,13.253181632058745,12.858542791788942,35.35100165163109,6632820.0,0.00018762749823508784,0.0005004700142308138,643.5315093994141,6435315.093994141,0.18087093009981678,True,5,PASS,,references/orientation_probe_decks/runs/ori_law12_M5_inibri_ortho_ip20_io1_a045/ori_law12_M5_inibri_ortho_ip20_io1_a045A001.vtk
LAW12,M5_inibri_ortho_ip20,M5_inibri_ortho,/INIBRI/ORTHO global g1/g2 axes with source-documented Ip=20,1,20,60.0,10.303106998372343,ori_law12_M5_inibri_ortho_ip20_io1_a060,0,0,0,10.224404400486529,10.27625154677365,16.119492887632443,5117161.25,0.0003174517514707986,0.0005004850208933931,514.3109970092773,5143109.970092773,0.7638724697146976,True,5,PASS,,references/orientation_probe_decks/runs/ori_law12_M5_inibri_ortho_ip20_io1_a060/ori_law12_M5_inibri_ortho_ip20_io1_a060A001.vtk
LAW12,M5_inibri_ortho_ip20,M5_inibri_ortho,/INIBRI/ORTHO global g1/g2 axes with source-documented Ip=20,1,20,90.0,9.08,ori_law12_M5_inibri_ortho_ip20_io1_a090,0,0,0,9.01507496192797,9.476133953627766,9.063196611701676,4512112.5,0.0004978500073775649,0.0005005074854125269,474.28759765625,4742875.9765625,0.7150334589430519,True,5,PASS,,references/orientation_probe_decks/runs/ori_law12_M5_inibri_ortho_ip20_io1_a090/ori_law12_M5_inibri_ortho_ip20_io1_a090A001.vtk
LAW12,M6_point_ip21,M6_source_point,source-driven Pt mode: fiber from point P toward element centroid,0,21,0.0,171.4,ori_law12_M6_point_ip21_io0_a000,0,0,0,171.21857613840368,171.61954952830914,171.4012943848945,85689335.0,0.0004999340017093346,0.000500467513120384,8589.000915527344,85890009.15527344,0.10584822730239994,True,4,PASS,,references/orientation_probe_decks/runs/ori_law12_M6_point_ip21_io0_a000/ori_law12_M6_point_ip21_io0_a000A001.vtk
LAW12,M6_point_ip21,M6_source_point,source-driven Pt mode: fiber from point P toward element centroid,0,21,30.0,22.267164983219914,ori_law12_M6_point_ip21_io0_a030,0,0,0,22.801589267216748,22.992273970488103,109.1696949442206,11411112.5,0.00010452637525304453,0.0005004525064578047,1150.6541137695312,11506541.137695312,2.400055347861145,False,4,PASS,,references/orientation_probe_decks/runs/ori_law12_M6_point_ip21_io0_a030/ori_law12_M6_point_ip21_io0_a030A001.vtk
LAW12,M6_point_ip21,M6_source_point,source-driven Pt mode: fiber from point P toward element centroid,0,21,45.0,13.277196220353677,ori_law12_M6_point_ip21_io0_a045,0,0,0,13.531335159825941,13.54604021665887,37.255383330332265,6772027.5,0.0001817731263145106,0.0005004700142308138,677.9386940002441,6779386.940002441,1.914100953653719,True,4,PASS,,references/orientation_probe_decks/runs/ori_law12_M6_point_ip21_io0_a045/ori_law12_M6_point_ip21_io0_a045A001.vtk
LAW12,M6_point_ip21,M6_source_point,source-driven Pt mode: fiber from point P toward element centroid,0,21,60.0,10.303106998372343,ori_law12_M6_point_ip21_io0_a060,0,0,0,10.401095502733993,10.533192244965926,16.836688076841632,5205592.5,0.00030918150150682777,0.0005004850208933931,527.1704940795898,5271704.940795898,0.9510578156388206,True,4,PASS,,references/orientation_probe_decks/runs/ori_law12_M6_point_ip21_io0_a060/ori_law12_M6_point_ip21_io0_a060A001.vtk
LAW12,M6_point_ip21,M6_source_point,source-driven Pt mode: fiber from point P toward element centroid,0,21,90.0,9.08,ori_law12_M6_point_ip21_io0_a090,0,0,0,9.0675042477325,8.767311418521723,9.087912978852426,4538353.75,0.0004993834954802878,0.0005005074854125269,438.8104991912842,4388104.991912842,0.1376184170429507,True,4,PASS,,references/orientation_probe_decks/runs/ori_law12_M6_point_ip21_io0_a090/ori_law12_M6_point_ip21_io0_a090A001.vtk
LAW12,M6_point_ip21,M6_source_point,source-driven Pt mode: fiber from point P toward element centroid,1,21,0.0,171.4,ori_law12_M6_point_ip21_io1_a000,0,0,0,9.032780768633666,9.488475211158082,9.070298395422894,4520410.0,0.0004983750040992163,0.0005004450031265151,474.8460006713867,4748460.006713867,94.72999955155562,False,1,FAIL,,references/orientation_probe_decks/runs/ori_law12_M6_point_ip21_io1_a000/ori_law12_M6_point_ip21_io1_a000A001.vtk
LAW12,M6_point_ip21,M6_source_point,source-driven Pt mode: fiber from point P toward element centroid,1,21,30.0,22.267164983219914,ori_law12_M6_point_ip21_io1_a030,0,0,0,21.858061176088615,21.91015652576595,15.63298038494206,10932637.5,0.0006993316201260313,0.0005001650151825743,1095.8693771362305,10958693.771362305,1.837251430254325,True,1,FAIL,,references/orientation_probe_decks/runs/ori_law12_M6_point_ip21_io1_a030/ori_law12_M6_point_ip21_io1_a030A001.vtk
LAW12,M6_point_ip21,M6_source_point,source-driven Pt mode: fiber from point P toward element centroid,1,21,45.0,13.277196220353677,ori_law12_M6_point_ip21_io1_a045,0,0,0,43.89333991877648,43.92505528040902,32.23466391974501,21950400.0,0.0006809563783463091,0.0005000849796488183,2196.6260375976562,21966260.375976562,230.59193515185737,False,1,FAIL,,references/orientation_probe_decks/runs/ori_law12_M6_point_ip21_io1_a045/ori_law12_M6_point_ip21_io1_a045A001.vtk
LAW12,M6_point_ip21,M6_source_point,source-driven Pt mode: fiber from point P toward element centroid,1,21,60.0,10.303106998372343,ori_law12_M6_point_ip21_io1_a060,0,0,0,89.61241745381582,89.2642465493473,98.24090225661519,44828612.5,0.00045631311877514236,0.000500250007462455,4465.444000244141,44654440.002441406,769.7611067027892,False,1,FAIL,,references/orientation_probe_decks/runs/ori_law12_M6_point_ip21_io1_a060/ori_law12_M6_point_ip21_io1_a060A001.vtk
LAW12,M6_point_ip21,M6_source_point,source-driven Pt mode: fiber from point P toward element centroid,1,21,90.0,9.08,ori_law12_M6_point_ip21_io1_a090,0,0,0,171.48653359115394,171.09389966730075,171.9244879655611,85823439.0,0.0004991926398361102,0.000500467513120384,8562.69384765625,85626938.4765625,1788.618211356321,False,1,FAIL,,references/orientation_probe_decks/runs/ori_law12_M6_point_ip21_io1_a090/ori_law12_M6_point_ip21_io1_a090A001.vtk
LAW12,M6_vphi_ip23,M6_source_vector_phi,source-driven Vj+Phi mode,0,23,0.0,171.4,ori_law12_M6_vphi_ip23_io0_a000,2,,,,,,,,,,,,False,0,BLOCKED,                  2\nunsupported field exists\nSOLUTION :     \n    Please check input format and fields description defined in the Reference Guide.\nLAW12 TYPE6 M6_vphi_ip23 theta 0.0 Iorth 0\n .. UNITS SYSTEM                                                                         \n .. CONTROL VARIABLES                                                                    \n .. STARTER RUNNING ON    4 THREADS\n .. FUNCTIONS & TABLES\n .. MATERIALS                                                                            \n .. NODES                                                                                \n .. PROPERTIES                                                                           \n .. 3D SOLID ELEMENTS                                                                    \n .. SUBSETS\n .. ELEMENT GROUPS\n .. PART GROUPS\n .. NODE GROUP\n .. BOUNDARY CONDITIONS                                                                  \n .. IMPOSED VELOCITIES                                                                   \n .. DOMAIN DECOMPOSITION\n .. ELEMENT GROUPS                                                                       \n .. ELEMENT BUFFER INITIALIZATION                                                        \n\nERROR ID :   1920\n** ERROR IN ORTHOTROPIC SOLID PROPERTY\n\nERROR ID :   1920\n** ERROR IN ORTHOTROPIC SOLID PROPERTY\n\nERROR ID :   1920\n** ERROR IN ORTHOTROPIC SOLID PROPERTY\n\nERROR ID :   1920\n** ERROR IN ORTHOTROPIC SOLID PROPERTY\n\nERROR ID :   1920\n** ERROR IN ORTHOTROPIC SOLID PROPERTY\n\nERROR ID :   1920\n** ERROR IN ORTHOTROPIC SOLID PROPERTY\n\nERROR ID :   1920\n** ERROR IN ORTHOTROPIC SOLID PROPERTY\n\nERROR ID :   1920\n** ERROR IN ORTHOTROPIC SOLID PROPERTY\n\nERROR ID :   1920\n** ERROR IN ORTHOTROPIC SOLID PROPERTY\n\nERROR ID :   1920\n** ERROR IN ORTHOTROPIC SOLID PROPERTY\n\nERROR ID :   1920\n** ERROR IN ORTHOTROPIC SOLID PROPERTY\n\nERROR ID :   1920\n** ERROR IN ORTHOTROPIC SOLID PROPERTY\n\nERROR ID :   1920\n** ERROR IN ORTHOTROPIC SOLID PROPERTY\n\nERROR ID :   1920\n** ERROR IN ORTHOTROPIC SOLID PROPERTY\n\nERROR ID :   1920\n** ERROR IN ORTHOTROPIC SOLID PROPERTY\n\nERROR ID :   1920\n** ERROR IN ORTHOTROPIC SOLID PROPERTY\n .. GEOMETRY PLOT FILE                                                                   \n .. ERROR ==> NO RESTART FILE                                                            \n  \n------------------------------------------------------------------------\n  \n                   ** COMPUTE TIME INFORMATION **\n  \n EXECUTION STARTED      :      2026/04/29  19:05:49\n EXECUTION COMPLETED    :      2026/04/29  19:05:49\n  \n ELAPSED TIME...........=          0.24 s\n                               00:00:00\n  \n------------------------------------------------------------------------\n\n\n\n     ERROR TERMINATION                  \n     ------------------                                                                  \n             16 ERROR(S)            \n              1 WARNING(S)          \n\n\n\n\nPLEASE CHECK LISTING FILE FOR FURTHER DETAILS\n\n\n,
LAW12,M6_vphi_ip23,M6_source_vector_phi,source-driven Vj+Phi mode,0,23,30.0,22.267164983219914,ori_law12_M6_vphi_ip23_io0_a030,2,,,,,,,,,,,,False,0,BLOCKED,                 2\nunsupported field exists\nSOLUTION :     \n    Please check input format and fields description defined in the Reference Guide.\nLAW12 TYPE6 M6_vphi_ip23 theta 30.0 Iorth 0\n .. UNITS SYSTEM                                                                         \n .. CONTROL VARIABLES                                                                    \n .. STARTER RUNNING ON    4 THREADS\n .. FUNCTIONS & TABLES\n .. MATERIALS                                                                            \n .. NODES                                                                                \n .. PROPERTIES                                                                           \n .. 3D SOLID ELEMENTS                                                                    \n .. SUBSETS\n .. ELEMENT GROUPS\n .. PART GROUPS\n .. NODE GROUP\n .. BOUNDARY CONDITIONS                                                                  \n .. IMPOSED VELOCITIES                                                                   \n .. DOMAIN DECOMPOSITION\n .. ELEMENT GROUPS                                                                       \n .. ELEMENT BUFFER INITIALIZATION                                                        \n\nERROR ID :   1920\n** ERROR IN ORTHOTROPIC SOLID PROPERTY\n\nERROR ID :   1920\n** ERROR IN ORTHOTROPIC SOLID PROPERTY\n\nERROR ID :   1920\n** ERROR IN ORTHOTROPIC SOLID PROPERTY\n\nERROR ID :   1920\n** ERROR IN ORTHOTROPIC SOLID PROPERTY\n\nERROR ID :   1920\n** ERROR IN ORTHOTROPIC SOLID PROPERTY\n\nERROR ID :   1920\n** ERROR IN ORTHOTROPIC SOLID PROPERTY\n\nERROR ID :   1920\n** ERROR IN ORTHOTROPIC SOLID PROPERTY\n\nERROR ID :   1920\n** ERROR IN ORTHOTROPIC SOLID PROPERTY\n\nERROR ID :   1920\n** ERROR IN ORTHOTROPIC SOLID PROPERTY\n\nERROR ID :   1920\n** ERROR IN ORTHOTROPIC SOLID PROPERTY\n\nERROR ID :   1920\n** ERROR IN ORTHOTROPIC SOLID PROPERTY\n\nERROR ID :   1920\n** ERROR IN ORTHOTROPIC SOLID PROPERTY\n\nERROR ID :   1920\n** ERROR IN ORTHOTROPIC SOLID PROPERTY\n\nERROR ID :   1920\n** ERROR IN ORTHOTROPIC SOLID PROPERTY\n\nERROR ID :   1920\n** ERROR IN ORTHOTROPIC SOLID PROPERTY\n\nERROR ID :   1920\n** ERROR IN ORTHOTROPIC SOLID PROPERTY\n .. GEOMETRY PLOT FILE                                                                   \n .. ERROR ==> NO RESTART FILE                                                            \n  \n------------------------------------------------------------------------\n  \n                   ** COMPUTE TIME INFORMATION **\n  \n EXECUTION STARTED      :      2026/04/29  19:05:49\n EXECUTION COMPLETED    :      2026/04/29  19:05:49\n  \n ELAPSED TIME...........=          0.24 s\n                               00:00:00\n  \n------------------------------------------------------------------------\n\n\n\n     ERROR TERMINATION                  \n     ------------------                                                                  \n             16 ERROR(S)            \n              1 WARNING(S)          \n\n\n\n\nPLEASE CHECK LISTING FILE FOR FURTHER DETAILS\n\n\n,
LAW12,M6_vphi_ip23,M6_source_vector_phi,source-driven Vj+Phi mode,0,23,45.0,13.277196220353677,ori_law12_M6_vphi_ip23_io0_a045,2,,,,,,,,,,,,False,0,BLOCKED,                 2\nunsupported field exists\nSOLUTION :     \n    Please check input format and fields description defined in the Reference Guide.\nLAW12 TYPE6 M6_vphi_ip23 theta 45.0 Iorth 0\n .. UNITS SYSTEM                                                                         \n .. CONTROL VARIABLES                                                                    \n .. STARTER RUNNING ON    4 THREADS\n .. FUNCTIONS & TABLES\n .. MATERIALS                                                                            \n .. NODES                                                                                \n .. PROPERTIES                                                                           \n .. 3D SOLID ELEMENTS                                                                    \n .. SUBSETS\n .. ELEMENT GROUPS\n .. PART GROUPS\n .. NODE GROUP\n .. BOUNDARY CONDITIONS                                                                  \n .. IMPOSED VELOCITIES                                                                   \n .. DOMAIN DECOMPOSITION\n .. ELEMENT GROUPS                                                                       \n .. ELEMENT BUFFER INITIALIZATION                                                        \n\nERROR ID :   1920\n** ERROR IN ORTHOTROPIC SOLID PROPERTY\n\nERROR ID :   1920\n** ERROR IN ORTHOTROPIC SOLID PROPERTY\n\nERROR ID :   1920\n** ERROR IN ORTHOTROPIC SOLID PROPERTY\n\nERROR ID :   1920\n** ERROR IN ORTHOTROPIC SOLID PROPERTY\n\nERROR ID :   1920\n** ERROR IN ORTHOTROPIC SOLID PROPERTY\n\nERROR ID :   1920\n** ERROR IN ORTHOTROPIC SOLID PROPERTY\n\nERROR ID :   1920\n** ERROR IN ORTHOTROPIC SOLID PROPERTY\n\nERROR ID :   1920\n** ERROR IN ORTHOTROPIC SOLID PROPERTY\n\nERROR ID :   1920\n** ERROR IN ORTHOTROPIC SOLID PROPERTY\n\nERROR ID :   1920\n** ERROR IN ORTHOTROPIC SOLID PROPERTY\n\nERROR ID :   1920\n** ERROR IN ORTHOTROPIC SOLID PROPERTY\n\nERROR ID :   1920\n** ERROR IN ORTHOTROPIC SOLID PROPERTY\n\nERROR ID :   1920\n** ERROR IN ORTHOTROPIC SOLID PROPERTY\n\nERROR ID :   1920\n** ERROR IN ORTHOTROPIC SOLID PROPERTY\n\nERROR ID :   1920\n** ERROR IN ORTHOTROPIC SOLID PROPERTY\n\nERROR ID :   1920\n** ERROR IN ORTHOTROPIC SOLID PROPERTY\n .. GEOMETRY PLOT FILE                                                                   \n .. ERROR ==> NO RESTART FILE                                                            \n  \n------------------------------------------------------------------------\n  \n                   ** COMPUTE TIME INFORMATION **\n  \n EXECUTION STARTED      :      2026/04/29  19:05:50\n EXECUTION COMPLETED    :      2026/04/29  19:05:50\n  \n ELAPSED TIME...........=          0.24 s\n                               00:00:00\n  \n------------------------------------------------------------------------\n\n\n\n     ERROR TERMINATION                  \n     ------------------                                                                  \n             16 ERROR(S)            \n              1 WARNING(S)          \n\n\n\n\nPLEASE CHECK LISTING FILE FOR FURTHER DETAILS\n\n\n,
LAW12,M6_vphi_ip23,M6_source_vector_phi,source-driven Vj+Phi mode,0,23,60.0,10.303106998372343,ori_law12_M6_vphi_ip23_io0_a060,2,,,,,,,,,,,,False,0,BLOCKED,                 2\nunsupported field exists\nSOLUTION :     \n    Please check input format and fields description defined in the Reference Guide.\nLAW12 TYPE6 M6_vphi_ip23 theta 60.0 Iorth 0\n .. UNITS SYSTEM                                                                         \n .. CONTROL VARIABLES                                                                    \n .. STARTER RUNNING ON    4 THREADS\n .. FUNCTIONS & TABLES\n .. MATERIALS                                                                            \n .. NODES                                                                                \n .. PROPERTIES                                                                           \n .. 3D SOLID ELEMENTS                                                                    \n .. SUBSETS\n .. ELEMENT GROUPS\n .. PART GROUPS\n .. NODE GROUP\n .. BOUNDARY CONDITIONS                                                                  \n .. IMPOSED VELOCITIES                                                                   \n .. DOMAIN DECOMPOSITION\n .. ELEMENT GROUPS                                                                       \n .. ELEMENT BUFFER INITIALIZATION                                                        \n\nERROR ID :   1920\n** ERROR IN ORTHOTROPIC SOLID PROPERTY\n\nERROR ID :   1920\n** ERROR IN ORTHOTROPIC SOLID PROPERTY\n\nERROR ID :   1920\n** ERROR IN ORTHOTROPIC SOLID PROPERTY\n\nERROR ID :   1920\n** ERROR IN ORTHOTROPIC SOLID PROPERTY\n\nERROR ID :   1920\n** ERROR IN ORTHOTROPIC SOLID PROPERTY\n\nERROR ID :   1920\n** ERROR IN ORTHOTROPIC SOLID PROPERTY\n\nERROR ID :   1920\n** ERROR IN ORTHOTROPIC SOLID PROPERTY\n\nERROR ID :   1920\n** ERROR IN ORTHOTROPIC SOLID PROPERTY\n\nERROR ID :   1920\n** ERROR IN ORTHOTROPIC SOLID PROPERTY\n\nERROR ID :   1920\n** ERROR IN ORTHOTROPIC SOLID PROPERTY\n\nERROR ID :   1920\n** ERROR IN ORTHOTROPIC SOLID PROPERTY\n\nERROR ID :   1920\n** ERROR IN ORTHOTROPIC SOLID PROPERTY\n\nERROR ID :   1920\n** ERROR IN ORTHOTROPIC SOLID PROPERTY\n\nERROR ID :   1920\n** ERROR IN ORTHOTROPIC SOLID PROPERTY\n\nERROR ID :   1920\n** ERROR IN ORTHOTROPIC SOLID PROPERTY\n\nERROR ID :   1920\n** ERROR IN ORTHOTROPIC SOLID PROPERTY\n .. GEOMETRY PLOT FILE                                                                   \n .. ERROR ==> NO RESTART FILE                                                            \n  \n------------------------------------------------------------------------\n  \n                   ** COMPUTE TIME INFORMATION **\n  \n EXECUTION STARTED      :      2026/04/29  19:05:50\n EXECUTION COMPLETED    :      2026/04/29  19:05:50\n  \n ELAPSED TIME...........=          0.25 s\n                               00:00:00\n  \n------------------------------------------------------------------------\n\n\n\n     ERROR TERMINATION                  \n     ------------------                                                                  \n             16 ERROR(S)            \n              1 WARNING(S)          \n\n\n\n\nPLEASE CHECK LISTING FILE FOR FURTHER DETAILS\n\n\n,
LAW12,M6_vphi_ip23,M6_source_vector_phi,source-driven Vj+Phi mode,0,23,90.0,9.08,ori_law12_M6_vphi_ip23_io0_a090,2,,,,,,,,,,,,False,0,BLOCKED,                 2\nunsupported field exists\nSOLUTION :     \n    Please check input format and fields description defined in the Reference Guide.\nLAW12 TYPE6 M6_vphi_ip23 theta 90.0 Iorth 0\n .. UNITS SYSTEM                                                                         \n .. CONTROL VARIABLES                                                                    \n .. STARTER RUNNING ON    4 THREADS\n .. FUNCTIONS & TABLES\n .. MATERIALS                                                                            \n .. NODES                                                                                \n .. PROPERTIES                                                                           \n .. 3D SOLID ELEMENTS                                                                    \n .. SUBSETS\n .. ELEMENT GROUPS\n .. PART GROUPS\n .. NODE GROUP\n .. BOUNDARY CONDITIONS                                                                  \n .. IMPOSED VELOCITIES                                                                   \n .. DOMAIN DECOMPOSITION\n .. ELEMENT GROUPS                                                                       \n .. ELEMENT BUFFER INITIALIZATION                                                        \n\nERROR ID :   1920\n** ERROR IN ORTHOTROPIC SOLID PROPERTY\n\nERROR ID :   1920\n** ERROR IN ORTHOTROPIC SOLID PROPERTY\n\nERROR ID :   1920\n** ERROR IN ORTHOTROPIC SOLID PROPERTY\n\nERROR ID :   1920\n** ERROR IN ORTHOTROPIC SOLID PROPERTY\n\nERROR ID :   1920\n** ERROR IN ORTHOTROPIC SOLID PROPERTY\n\nERROR ID :   1920\n** ERROR IN ORTHOTROPIC SOLID PROPERTY\n\nERROR ID :   1920\n** ERROR IN ORTHOTROPIC SOLID PROPERTY\n\nERROR ID :   1920\n** ERROR IN ORTHOTROPIC SOLID PROPERTY\n\nERROR ID :   1920\n** ERROR IN ORTHOTROPIC SOLID PROPERTY\n\nERROR ID :   1920\n** ERROR IN ORTHOTROPIC SOLID PROPERTY\n\nERROR ID :   1920\n** ERROR IN ORTHOTROPIC SOLID PROPERTY\n\nERROR ID :   1920\n** ERROR IN ORTHOTROPIC SOLID PROPERTY\n\nERROR ID :   1920\n** ERROR IN ORTHOTROPIC SOLID PROPERTY\n\nERROR ID :   1920\n** ERROR IN ORTHOTROPIC SOLID PROPERTY\n\nERROR ID :   1920\n** ERROR IN ORTHOTROPIC SOLID PROPERTY\n\nERROR ID :   1920\n** ERROR IN ORTHOTROPIC SOLID PROPERTY\n .. GEOMETRY PLOT FILE                                                                   \n .. ERROR ==> NO RESTART FILE                                                            \n  \n------------------------------------------------------------------------\n  \n                   ** COMPUTE TIME INFORMATION **\n  \n EXECUTION STARTED      :      2026/04/29  19:05:50\n EXECUTION COMPLETED    :      2026/04/29  19:05:50\n  \n ELAPSED TIME...........=          0.24 s\n                               00:00:00\n  \n------------------------------------------------------------------------\n\n\n\n     ERROR TERMINATION                  \n     ------------------                                                                  \n             16 ERROR(S)            \n              1 WARNING(S)          \n\n\n\n\nPLEASE CHECK LISTING FILE FOR FURTHER DETAILS\n\n\n,
LAW12,M6_vphi_ip23,M6_source_vector_phi,source-driven Vj+Phi mode,1,23,0.0,171.4,ori_law12_M6_vphi_ip23_io1_a000,2,,,,,,,,,,,,False,0,BLOCKED,                  2\nunsupported field exists\nSOLUTION :     \n    Please check input format and fields description defined in the Reference Guide.\nLAW12 TYPE6 M6_vphi_ip23 theta 0.0 Iorth 1\n .. UNITS SYSTEM                                                                         \n .. CONTROL VARIABLES                                                                    \n .. STARTER RUNNING ON    4 THREADS\n .. FUNCTIONS & TABLES\n .. MATERIALS                                                                            \n .. NODES                                                                                \n .. PROPERTIES                                                                           \n .. 3D SOLID ELEMENTS                                                                    \n .. SUBSETS\n .. ELEMENT GROUPS\n .. PART GROUPS\n .. NODE GROUP\n .. BOUNDARY CONDITIONS                                                                  \n .. IMPOSED VELOCITIES                                                                   \n .. DOMAIN DECOMPOSITION\n .. ELEMENT GROUPS                                                                       \n .. ELEMENT BUFFER INITIALIZATION                                                        \n\nERROR ID :   1920\n** ERROR IN ORTHOTROPIC SOLID PROPERTY\n\nERROR ID :   1920\n** ERROR IN ORTHOTROPIC SOLID PROPERTY\n\nERROR ID :   1920\n** ERROR IN ORTHOTROPIC SOLID PROPERTY\n\nERROR ID :   1920\n** ERROR IN ORTHOTROPIC SOLID PROPERTY\n\nERROR ID :   1920\n** ERROR IN ORTHOTROPIC SOLID PROPERTY\n\nERROR ID :   1920\n** ERROR IN ORTHOTROPIC SOLID PROPERTY\n\nERROR ID :   1920\n** ERROR IN ORTHOTROPIC SOLID PROPERTY\n\nERROR ID :   1920\n** ERROR IN ORTHOTROPIC SOLID PROPERTY\n\nERROR ID :   1920\n** ERROR IN ORTHOTROPIC SOLID PROPERTY\n\nERROR ID :   1920\n** ERROR IN ORTHOTROPIC SOLID PROPERTY\n\nERROR ID :   1920\n** ERROR IN ORTHOTROPIC SOLID PROPERTY\n\nERROR ID :   1920\n** ERROR IN ORTHOTROPIC SOLID PROPERTY\n\nERROR ID :   1920\n** ERROR IN ORTHOTROPIC SOLID PROPERTY\n\nERROR ID :   1920\n** ERROR IN ORTHOTROPIC SOLID PROPERTY\n\nERROR ID :   1920\n** ERROR IN ORTHOTROPIC SOLID PROPERTY\n\nERROR ID :   1920\n** ERROR IN ORTHOTROPIC SOLID PROPERTY\n .. GEOMETRY PLOT FILE                                                                   \n .. ERROR ==> NO RESTART FILE                                                            \n  \n------------------------------------------------------------------------\n  \n                   ** COMPUTE TIME INFORMATION **\n  \n EXECUTION STARTED      :      2026/04/29  19:05:50\n EXECUTION COMPLETED    :      2026/04/29  19:05:51\n  \n ELAPSED TIME...........=          0.25 s\n                               00:00:00\n  \n------------------------------------------------------------------------\n\n\n\n     ERROR TERMINATION                  \n     ------------------                                                                  \n             16 ERROR(S)            \n              1 WARNING(S)          \n\n\n\n\nPLEASE CHECK LISTING FILE FOR FURTHER DETAILS\n\n\n,
LAW12,M6_vphi_ip23,M6_source_vector_phi,source-driven Vj+Phi mode,1,23,30.0,22.267164983219914,ori_law12_M6_vphi_ip23_io1_a030,2,,,,,,,,,,,,False,0,BLOCKED,                 2\nunsupported field exists\nSOLUTION :     \n    Please check input format and fields description defined in the Reference Guide.\nLAW12 TYPE6 M6_vphi_ip23 theta 30.0 Iorth 1\n .. UNITS SYSTEM                                                                         \n .. CONTROL VARIABLES                                                                    \n .. STARTER RUNNING ON    4 THREADS\n .. FUNCTIONS & TABLES\n .. MATERIALS                                                                            \n .. NODES                                                                                \n .. PROPERTIES                                                                           \n .. 3D SOLID ELEMENTS                                                                    \n .. SUBSETS\n .. ELEMENT GROUPS\n .. PART GROUPS\n .. NODE GROUP\n .. BOUNDARY CONDITIONS                                                                  \n .. IMPOSED VELOCITIES                                                                   \n .. DOMAIN DECOMPOSITION\n .. ELEMENT GROUPS                                                                       \n .. ELEMENT BUFFER INITIALIZATION                                                        \n\nERROR ID :   1920\n** ERROR IN ORTHOTROPIC SOLID PROPERTY\n\nERROR ID :   1920\n** ERROR IN ORTHOTROPIC SOLID PROPERTY\n\nERROR ID :   1920\n** ERROR IN ORTHOTROPIC SOLID PROPERTY\n\nERROR ID :   1920\n** ERROR IN ORTHOTROPIC SOLID PROPERTY\n\nERROR ID :   1920\n** ERROR IN ORTHOTROPIC SOLID PROPERTY\n\nERROR ID :   1920\n** ERROR IN ORTHOTROPIC SOLID PROPERTY\n\nERROR ID :   1920\n** ERROR IN ORTHOTROPIC SOLID PROPERTY\n\nERROR ID :   1920\n** ERROR IN ORTHOTROPIC SOLID PROPERTY\n\nERROR ID :   1920\n** ERROR IN ORTHOTROPIC SOLID PROPERTY\n\nERROR ID :   1920\n** ERROR IN ORTHOTROPIC SOLID PROPERTY\n\nERROR ID :   1920\n** ERROR IN ORTHOTROPIC SOLID PROPERTY\n\nERROR ID :   1920\n** ERROR IN ORTHOTROPIC SOLID PROPERTY\n\nERROR ID :   1920\n** ERROR IN ORTHOTROPIC SOLID PROPERTY\n\nERROR ID :   1920\n** ERROR IN ORTHOTROPIC SOLID PROPERTY\n\nERROR ID :   1920\n** ERROR IN ORTHOTROPIC SOLID PROPERTY\n\nERROR ID :   1920\n** ERROR IN ORTHOTROPIC SOLID PROPERTY\n .. GEOMETRY PLOT FILE                                                                   \n .. ERROR ==> NO RESTART FILE                                                            \n  \n------------------------------------------------------------------------\n  \n                   ** COMPUTE TIME INFORMATION **\n  \n EXECUTION STARTED      :      2026/04/29  19:05:51\n EXECUTION COMPLETED    :      2026/04/29  19:05:51\n  \n ELAPSED TIME...........=          0.24 s\n                               00:00:00\n  \n------------------------------------------------------------------------\n\n\n\n     ERROR TERMINATION                  \n     ------------------                                                                  \n             16 ERROR(S)            \n              1 WARNING(S)          \n\n\n\n\nPLEASE CHECK LISTING FILE FOR FURTHER DETAILS\n\n\n,
LAW12,M6_vphi_ip23,M6_source_vector_phi,source-driven Vj+Phi mode,1,23,45.0,13.277196220353677,ori_law12_M6_vphi_ip23_io1_a045,2,,,,,,,,,,,,False,0,BLOCKED,                 2\nunsupported field exists\nSOLUTION :     \n    Please check input format and fields description defined in the Reference Guide.\nLAW12 TYPE6 M6_vphi_ip23 theta 45.0 Iorth 1\n .. UNITS SYSTEM                                                                         \n .. CONTROL VARIABLES                                                                    \n .. STARTER RUNNING ON    4 THREADS\n .. FUNCTIONS & TABLES\n .. MATERIALS                                                                            \n .. NODES                                                                                \n .. PROPERTIES                                                                           \n .. 3D SOLID ELEMENTS                                                                    \n .. SUBSETS\n .. ELEMENT GROUPS\n .. PART GROUPS\n .. NODE GROUP\n .. BOUNDARY CONDITIONS                                                                  \n .. IMPOSED VELOCITIES                                                                   \n .. DOMAIN DECOMPOSITION\n .. ELEMENT GROUPS                                                                       \n .. ELEMENT BUFFER INITIALIZATION                                                        \n\nERROR ID :   1920\n** ERROR IN ORTHOTROPIC SOLID PROPERTY\n\nERROR ID :   1920\n** ERROR IN ORTHOTROPIC SOLID PROPERTY\n\nERROR ID :   1920\n** ERROR IN ORTHOTROPIC SOLID PROPERTY\n\nERROR ID :   1920\n** ERROR IN ORTHOTROPIC SOLID PROPERTY\n\nERROR ID :   1920\n** ERROR IN ORTHOTROPIC SOLID PROPERTY\n\nERROR ID :   1920\n** ERROR IN ORTHOTROPIC SOLID PROPERTY\n\nERROR ID :   1920\n** ERROR IN ORTHOTROPIC SOLID PROPERTY\n\nERROR ID :   1920\n** ERROR IN ORTHOTROPIC SOLID PROPERTY\n\nERROR ID :   1920\n** ERROR IN ORTHOTROPIC SOLID PROPERTY\n\nERROR ID :   1920\n** ERROR IN ORTHOTROPIC SOLID PROPERTY\n\nERROR ID :   1920\n** ERROR IN ORTHOTROPIC SOLID PROPERTY\n\nERROR ID :   1920\n** ERROR IN ORTHOTROPIC SOLID PROPERTY\n\nERROR ID :   1920\n** ERROR IN ORTHOTROPIC SOLID PROPERTY\n\nERROR ID :   1920\n** ERROR IN ORTHOTROPIC SOLID PROPERTY\n\nERROR ID :   1920\n** ERROR IN ORTHOTROPIC SOLID PROPERTY\n\nERROR ID :   1920\n** ERROR IN ORTHOTROPIC SOLID PROPERTY\n .. GEOMETRY PLOT FILE                                                                   \n .. ERROR ==> NO RESTART FILE                                                            \n  \n------------------------------------------------------------------------\n  \n                   ** COMPUTE TIME INFORMATION **\n  \n EXECUTION STARTED      :      2026/04/29  19:05:51\n EXECUTION COMPLETED    :      2026/04/29  19:05:51\n  \n ELAPSED TIME...........=          0.24 s\n                               00:00:00\n  \n------------------------------------------------------------------------\n\n\n\n     ERROR TERMINATION                  \n     ------------------                                                                  \n             16 ERROR(S)            \n              1 WARNING(S)          \n\n\n\n\nPLEASE CHECK LISTING FILE FOR FURTHER DETAILS\n\n\n,
LAW12,M6_vphi_ip23,M6_source_vector_phi,source-driven Vj+Phi mode,1,23,60.0,10.303106998372343,ori_law12_M6_vphi_ip23_io1_a060,2,,,,,,,,,,,,False,0,BLOCKED,                 2\nunsupported field exists\nSOLUTION :     \n    Please check input format and fields description defined in the Reference Guide.\nLAW12 TYPE6 M6_vphi_ip23 theta 60.0 Iorth 1\n .. UNITS SYSTEM                                                                         \n .. CONTROL VARIABLES                                                                    \n .. STARTER RUNNING ON    4 THREADS\n .. FUNCTIONS & TABLES\n .. MATERIALS                                                                            \n .. NODES                                                                                \n .. PROPERTIES                                                                           \n .. 3D SOLID ELEMENTS                                                                    \n .. SUBSETS\n .. ELEMENT GROUPS\n .. PART GROUPS\n .. NODE GROUP\n .. BOUNDARY CONDITIONS                                                                  \n .. IMPOSED VELOCITIES                                                                   \n .. DOMAIN DECOMPOSITION\n .. ELEMENT GROUPS                                                                       \n .. ELEMENT BUFFER INITIALIZATION                                                        \n\nERROR ID :   1920\n** ERROR IN ORTHOTROPIC SOLID PROPERTY\n\nERROR ID :   1920\n** ERROR IN ORTHOTROPIC SOLID PROPERTY\n\nERROR ID :   1920\n** ERROR IN ORTHOTROPIC SOLID PROPERTY\n\nERROR ID :   1920\n** ERROR IN ORTHOTROPIC SOLID PROPERTY\n\nERROR ID :   1920\n** ERROR IN ORTHOTROPIC SOLID PROPERTY\n\nERROR ID :   1920\n** ERROR IN ORTHOTROPIC SOLID PROPERTY\n\nERROR ID :   1920\n** ERROR IN ORTHOTROPIC SOLID PROPERTY\n\nERROR ID :   1920\n** ERROR IN ORTHOTROPIC SOLID PROPERTY\n\nERROR ID :   1920\n** ERROR IN ORTHOTROPIC SOLID PROPERTY\n\nERROR ID :   1920\n** ERROR IN ORTHOTROPIC SOLID PROPERTY\n\nERROR ID :   1920\n** ERROR IN ORTHOTROPIC SOLID PROPERTY\n\nERROR ID :   1920\n** ERROR IN ORTHOTROPIC SOLID PROPERTY\n\nERROR ID :   1920\n** ERROR IN ORTHOTROPIC SOLID PROPERTY\n\nERROR ID :   1920\n** ERROR IN ORTHOTROPIC SOLID PROPERTY\n\nERROR ID :   1920\n** ERROR IN ORTHOTROPIC SOLID PROPERTY\n\nERROR ID :   1920\n** ERROR IN ORTHOTROPIC SOLID PROPERTY\n .. GEOMETRY PLOT FILE                                                                   \n .. ERROR ==> NO RESTART FILE                                                            \n  \n------------------------------------------------------------------------\n  \n                   ** COMPUTE TIME INFORMATION **\n  \n EXECUTION STARTED      :      2026/04/29  19:05:51\n EXECUTION COMPLETED    :      2026/04/29  19:05:52\n  \n ELAPSED TIME...........=          0.24 s\n                               00:00:00\n  \n------------------------------------------------------------------------\n\n\n\n     ERROR TERMINATION                  \n     ------------------                                                                  \n             16 ERROR(S)            \n              1 WARNING(S)          \n\n\n\n\nPLEASE CHECK LISTING FILE FOR FURTHER DETAILS\n\n\n,
LAW12,M6_vphi_ip23,M6_source_vector_phi,source-driven Vj+Phi mode,1,23,90.0,9.08,ori_law12_M6_vphi_ip23_io1_a090,2,,,,,,,,,,,,False,0,BLOCKED,                 2\nunsupported field exists\nSOLUTION :     \n    Please check input format and fields description defined in the Reference Guide.\nLAW12 TYPE6 M6_vphi_ip23 theta 90.0 Iorth 1\n .. UNITS SYSTEM                                                                         \n .. CONTROL VARIABLES                                                                    \n .. STARTER RUNNING ON    4 THREADS\n .. FUNCTIONS & TABLES\n .. MATERIALS                                                                            \n .. NODES                                                                                \n .. PROPERTIES                                                                           \n .. 3D SOLID ELEMENTS                                                                    \n .. SUBSETS\n .. ELEMENT GROUPS\n .. PART GROUPS\n .. NODE GROUP\n .. BOUNDARY CONDITIONS                                                                  \n .. IMPOSED VELOCITIES                                                                   \n .. DOMAIN DECOMPOSITION\n .. ELEMENT GROUPS                                                                       \n .. ELEMENT BUFFER INITIALIZATION                                                        \n\nERROR ID :   1920\n** ERROR IN ORTHOTROPIC SOLID PROPERTY\n\nERROR ID :   1920\n** ERROR IN ORTHOTROPIC SOLID PROPERTY\n\nERROR ID :   1920\n** ERROR IN ORTHOTROPIC SOLID PROPERTY\n\nERROR ID :   1920\n** ERROR IN ORTHOTROPIC SOLID PROPERTY\n\nERROR ID :   1920\n** ERROR IN ORTHOTROPIC SOLID PROPERTY\n\nERROR ID :   1920\n** ERROR IN ORTHOTROPIC SOLID PROPERTY\n\nERROR ID :   1920\n** ERROR IN ORTHOTROPIC SOLID PROPERTY\n\nERROR ID :   1920\n** ERROR IN ORTHOTROPIC SOLID PROPERTY\n\nERROR ID :   1920\n** ERROR IN ORTHOTROPIC SOLID PROPERTY\n\nERROR ID :   1920\n** ERROR IN ORTHOTROPIC SOLID PROPERTY\n\nERROR ID :   1920\n** ERROR IN ORTHOTROPIC SOLID PROPERTY\n\nERROR ID :   1920\n** ERROR IN ORTHOTROPIC SOLID PROPERTY\n\nERROR ID :   1920\n** ERROR IN ORTHOTROPIC SOLID PROPERTY\n\nERROR ID :   1920\n** ERROR IN ORTHOTROPIC SOLID PROPERTY\n\nERROR ID :   1920\n** ERROR IN ORTHOTROPIC SOLID PROPERTY\n\nERROR ID :   1920\n** ERROR IN ORTHOTROPIC SOLID PROPERTY\n .. GEOMETRY PLOT FILE                                                                   \n .. ERROR ==> NO RESTART FILE                                                            \n  \n------------------------------------------------------------------------\n  \n                   ** COMPUTE TIME INFORMATION **\n  \n EXECUTION STARTED      :      2026/04/29  19:05:52\n EXECUTION COMPLETED    :      2026/04/29  19:05:52\n  \n ELAPSED TIME...........=          0.24 s\n                               00:00:00\n  \n------------------------------------------------------------------------\n\n\n\n     ERROR TERMINATION                  \n     ------------------                                                                  \n             16 ERROR(S)            \n              1 WARNING(S)          \n\n\n\n\nPLEASE CHECK LISTING FILE FOR FURTHER DETAILS\n\n\n,
LAW14,M1_phi_ip1,M1_phi,"PROP Phi on Ip=1 (r,s plane)",0,1,0.0,171.4,ori_law14_M1_phi_ip1_io0_a000,0,0,0,9.065303980939104,8.772514115231274,9.08110004530705,4537252.5,0.0004996368807042018,0.0005005074854125269,439.0708980560303,4390708.980560303,94.71102451520471,False,1,FAIL,,references/orientation_probe_decks/runs/ori_law14_M1_phi_ip1_io0_a000/ori_law14_M1_phi_ip1_io0_a000A001.vtk
LAW14,M1_phi_ip1,M1_phi,"PROP Phi on Ip=1 (r,s plane)",0,1,30.0,22.267164983219914,ori_law14_M1_phi_ip1_io0_a030,0,0,0,8.994713083430483,8.812448217370134,9.088844417458738,4501763.75,0.0004953065035806503,0.0005004899776395177,441.05420112609863,4410542.011260986,59.60548596909972,False,1,FAIL,,references/orientation_probe_decks/runs/ori_law14_M1_phi_ip1_io0_a030/ori_law14_M1_phi_ip1_io0_a030A001.vtk
LAW14,M1_phi_ip1,M1_phi,"PROP Phi on Ip=1 (r,s plane)",0,1,45.0,13.277196220353677,ori_law14_M1_phi_ip1_io0_a045,0,0,0,9.110437284815545,8.713002306495424,9.073419097662457,4559546.25,0.0005025168793508783,0.0005004750164516736,436.06399726867676,4360639.972686768,31.382822595862326,False,1,FAIL,,references/orientation_probe_decks/runs/ori_law14_M1_phi_ip1_io0_a045/ori_law14_M1_phi_ip1_io0_a045A001.vtk
LAW14,M1_phi_ip1,M1_phi,"PROP Phi on Ip=1 (r,s plane)",0,1,60.0,10.303106998372343,ori_law14_M1_phi_ip1_io0_a060,0,0,0,9.159857751535164,8.69372153853338,9.084489692119648,4584142.5,0.00050461199862184,0.0005004600097890943,435.0859966278076,4350859.966278076,11.096160090522078,False,1,FAIL,,references/orientation_probe_decks/runs/ori_law14_M1_phi_ip1_io0_a060/ori_law14_M1_phi_ip1_io0_a060A001.vtk
LAW14,M1_phi_ip1,M1_phi,"PROP Phi on Ip=1 (r,s plane)",0,1,90.0,9.08,ori_law14_M1_phi_ip1_io0_a090,0,0,0,9.14102265808943,8.763832031786285,9.079337909023062,4574556.25,0.000503842493344564,0.0005004425020160852,438.579402923584,4385794.02923584,0.6720557058307253,True,1,FAIL,,references/orientation_probe_decks/runs/ori_law14_M1_phi_ip1_io0_a090/ori_law14_M1_phi_ip1_io0_a090A001.vtk
LAW14,M1_phi_ip1,M1_phi,"PROP Phi on Ip=1 (r,s plane)",1,1,0.0,171.4,ori_law14_M1_phi_ip1_io1_a000,0,0,0,171.30042760513442,170.9839072982084,171.41182990544542,85730299.0,0.0005001422541681677,0.000500467513120384,8557.189086914062,85571890.86914062,0.05809357926812723,True,2,FAIL,,references/orientation_probe_decks/runs/ori_law14_M1_phi_ip1_io1_a000/ori_law14_M1_phi_ip1_io1_a000A001.vtk
LAW14,M1_phi_ip1,M1_phi,"PROP Phi on Ip=1 (r,s plane)",1,1,30.0,22.267164983219914,ori_law14_M1_phi_ip1_io1_a030,0,0,0,97.18132468499091,97.02308001491976,110.4195551273196,48622975.0,0.0004403474995342549,0.0005003324986319058,4854.3800048828125,48543800.048828125,336.4333077795256,False,2,FAIL,,references/orientation_probe_decks/runs/ori_law14_M1_phi_ip1_io1_a030/ori_law14_M1_phi_ip1_io1_a030A001.vtk
LAW14,M1_phi_ip1,M1_phi,"PROP Phi on Ip=1 (r,s plane)",1,1,45.0,13.277196220353677,ori_law14_M1_phi_ip1_io1_a045,0,0,0,47.673939224995976,47.579959225459724,36.81272949710087,23857350.0,0.0006480733791249804,0.000500427495353506,2381.031982421875,23810319.82421875,259.0663151600696,False,2,FAIL,,references/orientation_probe_decks/runs/ori_law14_M1_phi_ip1_io1_a045/ori_law14_M1_phi_ip1_io1_a045A001.vtk
LAW14,M1_phi_ip1,M1_phi,"PROP Phi on Ip=1 (r,s plane)",1,1,60.0,10.303106998372343,ori_law14_M1_phi_ip1_io1_a060,0,0,0,23.43101574582208,23.55152889022518,17.162691096644615,11718612.5,0.0006827957477071323,0.0005001325007469859,1177.8885040283203,11778885.040283203,127.41698935596463,False,2,FAIL,,references/orientation_probe_decks/runs/ori_law14_M1_phi_ip1_io1_a060/ori_law14_M1_phi_ip1_io1_a060A001.vtk
LAW14,M1_phi_ip1,M1_phi,"PROP Phi on Ip=1 (r,s plane)",1,1,90.0,9.08,ori_law14_M1_phi_ip1_io1_a090,0,0,0,9.01507496192797,9.476133953627766,9.063196611701676,4512112.5,0.0004978500073775649,0.0005005074854125269,474.28759765625,4742875.9765625,0.7150334589430519,True,2,FAIL,,references/orientation_probe_decks/runs/ori_law14_M1_phi_ip1_io1_a090/ori_law14_M1_phi_ip1_io1_a090A001.vtk
LAW14,M1_phi_ip3,M1_phi,"PROP Phi on Ip=3 (t,r plane)",0,3,0.0,171.4,ori_law14_M1_phi_ip3_io0_a000,0,0,0,171.23943863142526,171.6416699584078,171.39848383412087,85699776.0,0.0005000031160307117,0.000500467513120384,8590.107971191406,85901079.71191406,0.09367641107044197,True,5,PASS,,references/orientation_probe_decks/runs/ori_law14_M1_phi_ip3_io0_a000/ori_law14_M1_phi_ip3_io0_a000A001.vtk
LAW14,M1_phi_ip3,M1_phi,"PROP Phi on Ip=3 (t,r plane)",0,3,30.0,22.267164983219914,ori_law14_M1_phi_ip3_io0_a030,0,0,0,22.213085755734593,22.387616889477897,104.89174541300993,11116650.0,0.0001059821242961334,0.0005004550075682346,1120.3994979858398,11203994.979858398,0.24286534691809245,True,5,PASS,,references/orientation_probe_decks/runs/ori_law14_M1_phi_ip3_io0_a030/ori_law14_M1_phi_ip3_io0_a030A001.vtk
LAW14,M1_phi_ip3,M1_phi,"PROP Phi on Ip=3 (t,r plane)",0,3,45.0,13.277196220353677,ori_law14_M1_phi_ip3_io0_a045,0,0,0,13.271242154653473,12.99321005448892,35.32614703745331,6641858.75,0.00018801537407853175,0.0005004700142308138,650.2712020874023,6502712.020874023,0.04484429996655075,True,5,PASS,,references/orientation_probe_decks/runs/ori_law14_M1_phi_ip3_io0_a045/ori_law14_M1_phi_ip3_io0_a045A001.vtk
LAW14,M1_phi_ip3,M1_phi,"PROP Phi on Ip=3 (t,r plane)",0,3,60.0,10.303106998372343,ori_law14_M1_phi_ip3_io0_a060,0,0,0,10.301395685866106,10.492898997110425,16.14938070385093,5155720.0,0.0003192518706782721,0.000500487522003823,525.1565017700195,5251565.017700195,0.016609674212908578,True,5,PASS,,references/orientation_probe_decks/runs/ori_law14_M1_phi_ip3_io0_a060/ori_law14_M1_phi_ip3_io0_a060A001.vtk
LAW14,M1_phi_ip3,M1_phi,"PROP Phi on Ip=3 (t,r plane)",0,3,90.0,9.08,ori_law14_M1_phi_ip3_io0_a090,0,0,0,9.065303980939104,8.772514115231274,9.08110004530705,4537252.5,0.0004996368807042018,0.0005005074854125269,439.0708980560303,4390708.980560303,0.16185043018607842,True,5,PASS,,references/orientation_probe_decks/runs/ori_law14_M1_phi_ip3_io0_a090/ori_law14_M1_phi_ip3_io0_a090A001.vtk
LAW14,M1_phi_ip3,M1_phi,"PROP Phi on Ip=3 (t,r plane)",1,3,0.0,171.4,ori_law14_M1_phi_ip3_io1_a000,0,0,0,9.031886564480953,9.48466855577022,9.069885246854184,4519962.5,0.0004983483668183908,0.0005004450031265151,474.6554985046387,4746554.985046387,94.73052125759571,False,1,FAIL,,references/orientation_probe_decks/runs/ori_law14_M1_phi_ip3_io1_a000/ori_law14_M1_phi_ip3_io1_a000A001.vtk
LAW14,M1_phi_ip3,M1_phi,"PROP Phi on Ip=3 (t,r plane)",1,3,30.0,22.267164983219914,ori_law14_M1_phi_ip3_io1_a030,0,0,0,22.34186178397852,22.34100419891353,15.873595813034033,11174450.0,0.0007039646297926083,0.0005001575118512847,1117.4021072387695,11174021.072387695,0.3354571667066551,True,1,FAIL,,references/orientation_probe_decks/runs/ori_law14_M1_phi_ip3_io1_a030/ori_law14_M1_phi_ip3_io1_a030A001.vtk
LAW14,M1_phi_ip3,M1_phi,"PROP Phi on Ip=3 (t,r plane)",1,3,45.0,13.277196220353677,ori_law14_M1_phi_ip3_io1_a045,0,0,0,46.167022547630616,45.88233246486167,34.40854063881211,23087550.0,0.0006709831213811412,0.0005000874807592481,2294.5180053710938,22945180.053710938,247.71665479235364,False,1,FAIL,,references/orientation_probe_decks/runs/ori_law14_M1_phi_ip3_io1_a045/ori_law14_M1_phi_ip3_io1_a045A001.vtk
LAW14,M1_phi_ip3,M1_phi,"PROP Phi on Ip=3 (t,r plane)",1,3,60.0,10.303106998372343,ori_law14_M1_phi_ip3_io1_a060,0,0,0,94.84505444176659,94.83565361392404,104.48544235989611,47447662.5,0.00045410787788568996,0.0005002650141250342,4744.295959472656,47442959.59472656,820.54808764725,False,1,FAIL,,references/orientation_probe_decks/runs/ori_law14_M1_phi_ip3_io1_a060/ori_law14_M1_phi_ip3_io1_a060A001.vtk
LAW14,M1_phi_ip3,M1_phi,"PROP Phi on Ip=3 (t,r plane)",1,3,90.0,9.08,ori_law14_M1_phi_ip3_io1_a090,0,0,0,171.30042760513442,170.9839072982084,171.41182990544542,85730299.0,0.0005001422541681677,0.000500467513120384,8557.189086914062,85571890.86914062,1786.5685859596304,False,1,FAIL,,references/orientation_probe_decks/runs/ori_law14_M1_phi_ip3_io1_a090/ori_law14_M1_phi_ip3_io1_a090A001.vtk
LAW14,M2_skew_requested_ip1,M2_skew_requested,"Prior-style skew_ID set but Ip=1, so CFG/source indicate skew is ignored",0,1,0.0,171.4,ori_law14_M2_skew_requested_ip1_io0_a000,0,0,0,9.065303980939104,8.772514115231274,9.08110004530705,4537252.5,0.0004996368807042018,0.0005005074854125269,439.0708980560303,4390708.980560303,94.71102451520471,False,1,FAIL,,references/orientation_probe_decks/runs/ori_law14_M2_skew_requested_ip1_io0_a000/ori_law14_M2_skew_requested_ip1_io0_a000A001.vtk
LAW14,M2_skew_requested_ip1,M2_skew_requested,"Prior-style skew_ID set but Ip=1, so CFG/source indicate skew is ignored",0,1,30.0,22.267164983219914,ori_law14_M2_skew_requested_ip1_io0_a030,0,0,0,9.065303980939104,8.772514115231274,9.08110004530705,4537252.5,0.0004996368807042018,0.0005005074854125269,439.0708980560303,4390708.980560303,59.28846807498604,False,1,FAIL,,references/orientation_probe_decks/runs/ori_law14_M2_skew_requested_ip1_io0_a030/ori_law14_M2_skew_requested_ip1_io0_a030A001.vtk
LAW14,M2_skew_requested_ip1,M2_skew_requested,"Prior-style skew_ID set but Ip=1, so CFG/source indicate skew is ignored",0,1,45.0,13.277196220353677,ori_law14_M2_skew_requested_ip1_io0_a045,0,0,0,9.065303980939104,8.772514115231274,9.08110004530705,4537252.5,0.0004996368807042018,0.0005005074854125269,439.0708980560303,4390708.980560303,31.72275358074339,False,1,FAIL,,references/orientation_probe_decks/runs/ori_law14_M2_skew_requested_ip1_io0_a045/ori_law14_M2_skew_requested_ip1_io0_a045A001.vtk
LAW14,M2_skew_requested_ip1,M2_skew_requested,"Prior-style skew_ID set but Ip=1, so CFG/source indicate skew is ignored",0,1,60.0,10.303106998372343,ori_law14_M2_skew_requested_ip1_io0_a060,0,0,0,9.065303980939104,8.772514115231274,9.08110004530705,4537252.5,0.0004996368807042018,0.0005005074854125269,439.0708980560303,4390708.980560303,12.013881032476744,False,1,FAIL,,references/orientation_probe_decks/runs/ori_law14_M2_skew_requested_ip1_io0_a060/ori_law14_M2_skew_requested_ip1_io0_a060A001.vtk
LAW14,M2_skew_requested_ip1,M2_skew_requested,"Prior-style skew_ID set but Ip=1, so CFG/source indicate skew is ignored",0,1,90.0,9.08,ori_law14_M2_skew_requested_ip1_io0_a090,0,0,0,9.065303980939104,8.772514115231274,9.08110004530705,4537252.5,0.0004996368807042018,0.0005005074854125269,439.0708980560303,4390708.980560303,0.16185043018607842,True,1,FAIL,,references/orientation_probe_decks/runs/ori_law14_M2_skew_requested_ip1_io0_a090/ori_law14_M2_skew_requested_ip1_io0_a090A001.vtk
LAW14,M2_skew_requested_ip1,M2_skew_requested,"Prior-style skew_ID set but Ip=1, so CFG/source indicate skew is ignored",1,1,0.0,171.4,ori_law14_M2_skew_requested_ip1_io1_a000,0,0,0,171.30042760513442,170.9839072982084,171.41182990544542,85730299.0,0.0005001422541681677,0.000500467513120384,8557.189086914062,85571890.86914062,0.05809357926812723,True,1,FAIL,,references/orientation_probe_decks/runs/ori_law14_M2_skew_requested_ip1_io1_a000/ori_law14_M2_skew_requested_ip1_io1_a000A001.vtk
LAW14,M2_skew_requested_ip1,M2_skew_requested,"Prior-style skew_ID set but Ip=1, so CFG/source indicate skew is ignored",1,1,30.0,22.267164983219914,ori_law14_M2_skew_requested_ip1_io1_a030,0,0,0,171.30042760513442,170.9839072982084,171.41182990544542,85730299.0,0.0005001422541681677,0.000500467513120384,8557.189086914062,85571890.86914062,669.2960811770289,False,1,FAIL,,references/orientation_probe_decks/runs/ori_law14_M2_skew_requested_ip1_io1_a030/ori_law14_M2_skew_requested_ip1_io1_a030A001.vtk
LAW14,M2_skew_requested_ip1,M2_skew_requested,"Prior-style skew_ID set but Ip=1, so CFG/source indicate skew is ignored",1,1,45.0,13.277196220353677,ori_law14_M2_skew_requested_ip1_io1_a045,0,0,0,171.30042760513442,170.9839072982084,171.41182990544542,85730299.0,0.0005001422541681677,0.000500467513120384,8557.189086914062,85571890.86914062,1190.1852526856107,False,1,FAIL,,references/orientation_probe_decks/runs/ori_law14_M2_skew_requested_ip1_io1_a045/ori_law14_M2_skew_requested_ip1_io1_a045A001.vtk
LAW14,M2_skew_requested_ip1,M2_skew_requested,"Prior-style skew_ID set but Ip=1, so CFG/source indicate skew is ignored",1,1,60.0,10.303106998372343,ori_law14_M2_skew_requested_ip1_io1_a060,0,0,0,171.30042760513442,170.9839072982084,171.41182990544542,85730299.0,0.0005001422541681677,0.000500467513120384,8557.189086914062,85571890.86914062,1562.6094209464777,False,1,FAIL,,references/orientation_probe_decks/runs/ori_law14_M2_skew_requested_ip1_io1_a060/ori_law14_M2_skew_requested_ip1_io1_a060A001.vtk
LAW14,M2_skew_requested_ip1,M2_skew_requested,"Prior-style skew_ID set but Ip=1, so CFG/source indicate skew is ignored",1,1,90.0,9.08,ori_law14_M2_skew_requested_ip1_io1_a090,0,0,0,171.30042760513442,170.9839072982084,171.41182990544542,85730299.0,0.0005001422541681677,0.000500467513120384,8557.189086914062,85571890.86914062,1786.5685859596304,False,1,FAIL,,references/orientation_probe_decks/runs/ori_law14_M2_skew_requested_ip1_io1_a090/ori_law14_M2_skew_requested_ip1_io1_a090A001.vtk
LAW14,M2_skew_requested_ip3,M2_skew_requested,"skew_ID set but Ip=3, retained for requested cross product",0,3,0.0,171.4,ori_law14_M2_skew_requested_ip3_io0_a000,0,0,0,171.23943863142526,171.6416699584078,171.39848383412087,85699776.0,0.0005000031160307117,0.000500467513120384,8590.107971191406,85901079.71191406,0.09367641107044197,True,1,FAIL,,references/orientation_probe_decks/runs/ori_law14_M2_skew_requested_ip3_io0_a000/ori_law14_M2_skew_requested_ip3_io0_a000A001.vtk
LAW14,M2_skew_requested_ip3,M2_skew_requested,"skew_ID set but Ip=3, retained for requested cross product",0,3,30.0,22.267164983219914,ori_law14_M2_skew_requested_ip3_io0_a030,0,0,0,171.23943863142526,171.6416699584078,171.39848383412087,85699776.0,0.0005000031160307117,0.000500467513120384,8590.107971191406,85901079.71191406,669.0221847301524,False,1,FAIL,,references/orientation_probe_decks/runs/ori_law14_M2_skew_requested_ip3_io0_a030/ori_law14_M2_skew_requested_ip3_io0_a030A001.vtk
LAW14,M2_skew_requested_ip3,M2_skew_requested,"skew_ID set but Ip=3, retained for requested cross product",0,3,45.0,13.277196220353677,ori_law14_M2_skew_requested_ip3_io0_a045,0,0,0,171.23943863142526,171.6416699584078,171.39848383412087,85699776.0,0.0005000031160307117,0.000500467513120384,8590.107971191406,85901079.71191406,1189.7259013835967,False,1,FAIL,,references/orientation_probe_decks/runs/ori_law14_M2_skew_requested_ip3_io0_a045/ori_law14_M2_skew_requested_ip3_io0_a045A001.vtk
LAW14,M2_skew_requested_ip3,M2_skew_requested,"skew_ID set but Ip=3, retained for requested cross product",0,3,60.0,10.303106998372343,ori_law14_M2_skew_requested_ip3_io0_a060,0,0,0,171.23943863142526,171.6416699584078,171.39848383412087,85699776.0,0.0005000031160307117,0.000500467513120384,8590.107971191406,85901079.71191406,1562.0174735492624,False,1,FAIL,,references/orientation_probe_decks/runs/ori_law14_M2_skew_requested_ip3_io0_a060/ori_law14_M2_skew_requested_ip3_io0_a060A001.vtk
LAW14,M2_skew_requested_ip3,M2_skew_requested,"skew_ID set but Ip=3, retained for requested cross product",0,3,90.0,9.08,ori_law14_M2_skew_requested_ip3_io0_a090,0,0,0,171.23943863142526,171.6416699584078,171.39848383412087,85699776.0,0.0005000031160307117,0.000500467513120384,8590.107971191406,85901079.71191406,1785.8969012271505,False,1,FAIL,,references/orientation_probe_decks/runs/ori_law14_M2_skew_requested_ip3_io0_a090/ori_law14_M2_skew_requested_ip3_io0_a090A001.vtk
LAW14,M2_skew_requested_ip3,M2_skew_requested,"skew_ID set but Ip=3, retained for requested cross product",1,3,0.0,171.4,ori_law14_M2_skew_requested_ip3_io1_a000,0,0,0,9.031886564480953,9.48466855577022,9.069885246854184,4519962.5,0.0004983483668183908,0.0005004450031265151,474.6554985046387,4746554.985046387,94.73052125759571,False,1,FAIL,,references/orientation_probe_decks/runs/ori_law14_M2_skew_requested_ip3_io1_a000/ori_law14_M2_skew_requested_ip3_io1_a000A001.vtk
LAW14,M2_skew_requested_ip3,M2_skew_requested,"skew_ID set but Ip=3, retained for requested cross product",1,3,30.0,22.267164983219914,ori_law14_M2_skew_requested_ip3_io1_a030,0,0,0,9.031886564480953,9.48466855577022,9.069885246854184,4519962.5,0.0004983483668183908,0.0005004450031265151,474.6554985046387,4746554.985046387,59.43854293401427,False,1,FAIL,,references/orientation_probe_decks/runs/ori_law14_M2_skew_requested_ip3_io1_a030/ori_law14_M2_skew_requested_ip3_io1_a030A001.vtk
LAW14,M2_skew_requested_ip3,M2_skew_requested,"skew_ID set but Ip=3, retained for requested cross product",1,3,45.0,13.277196220353677,ori_law14_M2_skew_requested_ip3_io1_a045,0,0,0,9.031886564480953,9.48466855577022,9.069885246854184,4519962.5,0.0004983483668183908,0.0005004450031265151,474.6554985046387,4746554.985046387,31.974443891736325,False,1,FAIL,,references/orientation_probe_decks/runs/ori_law14_M2_skew_requested_ip3_io1_a045/ori_law14_M2_skew_requested_ip3_io1_a045A001.vtk
LAW14,M2_skew_requested_ip3,M2_skew_requested,"skew_ID set but Ip=3, retained for requested cross product",1,3,60.0,10.303106998372343,ori_law14_M2_skew_requested_ip3_io1_a060,0,0,0,9.031886564480953,9.48466855577022,9.069885246854184,4519962.5,0.0004983483668183908,0.0005004450031265151,474.6554985046387,4746554.985046387,12.338224130761855,False,1,FAIL,,references/orientation_probe_decks/runs/ori_law14_M2_skew_requested_ip3_io1_a060/ori_law14_M2_skew_requested_ip3_io1_a060A001.vtk
LAW14,M2_skew_requested_ip3,M2_skew_requested,"skew_ID set but Ip=3, retained for requested cross product",1,3,90.0,9.08,ori_law14_M2_skew_requested_ip3_io1_a090,0,0,0,9.031886564480953,9.48466855577022,9.069885246854184,4519962.5,0.0004983483668183908,0.0005004450031265151,474.6554985046387,4746554.985046387,0.5298836510908236,True,1,FAIL,,references/orientation_probe_decks/runs/ori_law14_M2_skew_requested_ip3_io1_a090/ori_law14_M2_skew_requested_ip3_io1_a090A001.vtk
LAW14,M2_skew_ip0,M2_skew,documented skew_ID use: Ip=0 references /SKEW/FIX,0,0,0.0,171.4,ori_law14_M2_skew_ip0_io0_a000,0,0,0,9.14102265808943,8.763832031786285,9.079337909023062,4574556.25,0.000503842493344564,0.0005004425020160852,438.579402923584,4385794.02923584,94.66684792410186,False,1,FAIL,,references/orientation_probe_decks/runs/ori_law14_M2_skew_ip0_io0_a000/ori_law14_M2_skew_ip0_io0_a000A001.vtk
LAW14,M2_skew_ip0,M2_skew,documented skew_ID use: Ip=0 references /SKEW/FIX,0,0,30.0,22.267164983219914,ori_law14_M2_skew_ip0_io0_a030,0,0,0,9.14102265808943,8.763832031786285,20.765981444839337,4574556.25,0.00022029087631381117,0.0005004425020160852,438.579402923584,4385794.02923584,58.94842174575021,False,1,FAIL,,references/orientation_probe_decks/runs/ori_law14_M2_skew_ip0_io0_a030/ori_law14_M2_skew_ip0_io0_a030A001.vtk
LAW14,M2_skew_ip0,M2_skew,documented skew_ID use: Ip=0 references /SKEW/FIX,0,0,45.0,13.277196220353677,ori_law14_M2_skew_ip0_io0_a045,0,0,0,9.14102265808943,8.763832031786285,36.32950053982659,4574556.25,0.00012591850099852309,0.0005004425020160852,438.579402923584,4385794.02923584,31.15246241464425,False,1,FAIL,,references/orientation_probe_decks/runs/ori_law14_M2_skew_ip0_io0_a045/ori_law14_M2_skew_ip0_io0_a045A001.vtk
LAW14,M2_skew_ip0,M2_skew,documented skew_ID use: Ip=0 references /SKEW/FIX,0,0,60.0,10.303106998372343,ori_law14_M2_skew_ip0_io0_a060,0,0,0,9.14102265808943,8.763832031786285,20.745522197927933,4574556.25,0.00022050812731322367,0.0005004425020160852,438.579402923584,4385794.02923584,11.278969930783948,False,1,FAIL,,references/orientation_probe_decks/runs/ori_law14_M2_skew_ip0_io0_a060/ori_law14_M2_skew_ip0_io0_a060A001.vtk
LAW14,M2_skew_ip0,M2_skew,documented skew_ID use: Ip=0 references /SKEW/FIX,0,0,90.0,9.08,ori_law14_M2_skew_ip0_io0_a090,0,0,0,9.14102265808943,8.763832031786285,9.079337909023062,4574556.25,0.000503842493344564,0.0005004425020160852,438.579402923584,4385794.02923584,0.6720557058307253,True,1,FAIL,,references/orientation_probe_decks/runs/ori_law14_M2_skew_ip0_io0_a090/ori_law14_M2_skew_ip0_io0_a090A001.vtk
LAW14,M2_skew_ip0,M2_skew,documented skew_ID use: Ip=0 references /SKEW/FIX,1,0,0.0,171.4,ori_law14_M2_skew_ip0_io1_a000,0,0,0,9.01507496192797,9.476133953627766,9.063196611701676,4512112.5,0.0004978500073775649,0.0005005074854125269,474.28759765625,4742875.9765625,94.74032966048543,False,1,FAIL,,references/orientation_probe_decks/runs/ori_law14_M2_skew_ip0_io1_a000/ori_law14_M2_skew_ip0_io1_a000A001.vtk
LAW14,M2_skew_ip0,M2_skew,documented skew_ID use: Ip=0 references /SKEW/FIX,1,0,30.0,22.267164983219914,ori_law14_M2_skew_ip0_io1_a030,0,0,0,9.01507496192797,9.476133953627766,15.090197714286253,4512112.5,0.00029900950175942853,0.0005005074854125269,474.28759765625,4742875.9765625,59.51404245344412,False,1,FAIL,,references/orientation_probe_decks/runs/ori_law14_M2_skew_ip0_io1_a030/ori_law14_M2_skew_ip0_io1_a030A001.vtk
LAW14,M2_skew_ip0,M2_skew,documented skew_ID use: Ip=0 references /SKEW/FIX,1,0,45.0,13.277196220353677,ori_law14_M2_skew_ip0_io1_a045,0,0,0,9.01507496192797,9.476133953627766,10.869744656324213,4512112.5,0.00041510749724693596,0.0005005074854125269,474.28759765625,4742875.9765625,32.10106401750664,False,1,FAIL,,references/orientation_probe_decks/runs/ori_law14_M2_skew_ip0_io1_a045/ori_law14_M2_skew_ip0_io1_a045A001.vtk
LAW14,M2_skew_ip0,M2_skew,documented skew_ID use: Ip=0 references /SKEW/FIX,1,0,60.0,10.303106998372343,ori_law14_M2_skew_ip0_io1_a060,0,0,0,9.01507496192797,9.476133953627766,9.641240203055103,4512112.5,0.0004680012534663547,0.0005005074854125269,474.28759765625,4742875.9765625,12.501394352672957,False,1,FAIL,,references/orientation_probe_decks/runs/ori_law14_M2_skew_ip0_io1_a060/ori_law14_M2_skew_ip0_io1_a060A001.vtk
LAW14,M2_skew_ip0,M2_skew,documented skew_ID use: Ip=0 references /SKEW/FIX,1,0,90.0,9.08,ori_law14_M2_skew_ip0_io1_a090,0,0,0,9.01507496192797,9.476133953627766,9.063196611701676,4512112.5,0.0004978500073775649,0.0005005074854125269,474.28759765625,4742875.9765625,0.7150334589430519,True,1,FAIL,,references/orientation_probe_decks/runs/ori_law14_M2_skew_ip0_io1_a090/ori_law14_M2_skew_ip0_io1_a090A001.vtk
LAW14,M3_vector_requested_ip1,M3_vector_requested,"fiber vector populated but Ip=1, retained for requested cross product",0,1,0.0,171.4,ori_law14_M3_vector_requested_ip1_io0_a000,0,0,0,9.065303980939104,8.772514115231274,9.08110004530705,4537252.5,0.0004996368807042018,0.0005005074854125269,439.0708980560303,4390708.980560303,94.71102451520471,False,1,FAIL,,references/orientation_probe_decks/runs/ori_law14_M3_vector_requested_ip1_io0_a000/ori_law14_M3_vector_requested_ip1_io0_a000A001.vtk
LAW14,M3_vector_requested_ip1,M3_vector_requested,"fiber vector populated but Ip=1, retained for requested cross product",0,1,30.0,22.267164983219914,ori_law14_M3_vector_requested_ip1_io0_a030,0,0,0,9.065303980939104,8.772514115231274,9.08110004530705,4537252.5,0.0004996368807042018,0.0005005074854125269,439.0708980560303,4390708.980560303,59.28846807498604,False,1,FAIL,,references/orientation_probe_decks/runs/ori_law14_M3_vector_requested_ip1_io0_a030/ori_law14_M3_vector_requested_ip1_io0_a030A001.vtk
LAW14,M3_vector_requested_ip1,M3_vector_requested,"fiber vector populated but Ip=1, retained for requested cross product",0,1,45.0,13.277196220353677,ori_law14_M3_vector_requested_ip1_io0_a045,0,0,0,9.065303980939104,8.772514115231274,9.08110004530705,4537252.5,0.0004996368807042018,0.0005005074854125269,439.0708980560303,4390708.980560303,31.72275358074339,False,1,FAIL,,references/orientation_probe_decks/runs/ori_law14_M3_vector_requested_ip1_io0_a045/ori_law14_M3_vector_requested_ip1_io0_a045A001.vtk
LAW14,M3_vector_requested_ip1,M3_vector_requested,"fiber vector populated but Ip=1, retained for requested cross product",0,1,60.0,10.303106998372343,ori_law14_M3_vector_requested_ip1_io0_a060,0,0,0,9.065303980939104,8.772514115231274,9.08110004530705,4537252.5,0.0004996368807042018,0.0005005074854125269,439.0708980560303,4390708.980560303,12.013881032476744,False,1,FAIL,,references/orientation_probe_decks/runs/ori_law14_M3_vector_requested_ip1_io0_a060/ori_law14_M3_vector_requested_ip1_io0_a060A001.vtk
LAW14,M3_vector_requested_ip1,M3_vector_requested,"fiber vector populated but Ip=1, retained for requested cross product",0,1,90.0,9.08,ori_law14_M3_vector_requested_ip1_io0_a090,0,0,0,9.065303980939104,8.772514115231274,9.08110004530705,4537252.5,0.0004996368807042018,0.0005005074854125269,439.0708980560303,4390708.980560303,0.16185043018607842,True,1,FAIL,,references/orientation_probe_decks/runs/ori_law14_M3_vector_requested_ip1_io0_a090/ori_law14_M3_vector_requested_ip1_io0_a090A001.vtk
LAW14,M3_vector_requested_ip1,M3_vector_requested,"fiber vector populated but Ip=1, retained for requested cross product",1,1,0.0,171.4,ori_law14_M3_vector_requested_ip1_io1_a000,0,0,0,171.30042760513442,170.9839072982084,171.41182990544542,85730299.0,0.0005001422541681677,0.000500467513120384,8557.189086914062,85571890.86914062,0.05809357926812723,True,1,FAIL,,references/orientation_probe_decks/runs/ori_law14_M3_vector_requested_ip1_io1_a000/ori_law14_M3_vector_requested_ip1_io1_a000A001.vtk
LAW14,M3_vector_requested_ip1,M3_vector_requested,"fiber vector populated but Ip=1, retained for requested cross product",1,1,30.0,22.267164983219914,ori_law14_M3_vector_requested_ip1_io1_a030,0,0,0,171.30042760513442,170.9839072982084,171.41182990544542,85730299.0,0.0005001422541681677,0.000500467513120384,8557.189086914062,85571890.86914062,669.2960811770289,False,1,FAIL,,references/orientation_probe_decks/runs/ori_law14_M3_vector_requested_ip1_io1_a030/ori_law14_M3_vector_requested_ip1_io1_a030A001.vtk
LAW14,M3_vector_requested_ip1,M3_vector_requested,"fiber vector populated but Ip=1, retained for requested cross product",1,1,45.0,13.277196220353677,ori_law14_M3_vector_requested_ip1_io1_a045,0,0,0,171.30042760513442,170.9839072982084,171.41182990544542,85730299.0,0.0005001422541681677,0.000500467513120384,8557.189086914062,85571890.86914062,1190.1852526856107,False,1,FAIL,,references/orientation_probe_decks/runs/ori_law14_M3_vector_requested_ip1_io1_a045/ori_law14_M3_vector_requested_ip1_io1_a045A001.vtk
LAW14,M3_vector_requested_ip1,M3_vector_requested,"fiber vector populated but Ip=1, retained for requested cross product",1,1,60.0,10.303106998372343,ori_law14_M3_vector_requested_ip1_io1_a060,0,0,0,171.30042760513442,170.9839072982084,171.41182990544542,85730299.0,0.0005001422541681677,0.000500467513120384,8557.189086914062,85571890.86914062,1562.6094209464777,False,1,FAIL,,references/orientation_probe_decks/runs/ori_law14_M3_vector_requested_ip1_io1_a060/ori_law14_M3_vector_requested_ip1_io1_a060A001.vtk
LAW14,M3_vector_requested_ip1,M3_vector_requested,"fiber vector populated but Ip=1, retained for requested cross product",1,1,90.0,9.08,ori_law14_M3_vector_requested_ip1_io1_a090,0,0,0,171.30042760513442,170.9839072982084,171.41182990544542,85730299.0,0.0005001422541681677,0.000500467513120384,8557.189086914062,85571890.86914062,1786.5685859596304,False,1,FAIL,,references/orientation_probe_decks/runs/ori_law14_M3_vector_requested_ip1_io1_a090/ori_law14_M3_vector_requested_ip1_io1_a090A001.vtk
LAW14,M3_vector_requested_ip3,M3_vector_requested,"fiber vector populated but Ip=3, retained for requested cross product",0,3,0.0,171.4,ori_law14_M3_vector_requested_ip3_io0_a000,0,0,0,171.23943863142526,171.6416699584078,171.39848383412087,85699776.0,0.0005000031160307117,0.000500467513120384,8590.107971191406,85901079.71191406,0.09367641107044197,True,1,FAIL,,references/orientation_probe_decks/runs/ori_law14_M3_vector_requested_ip3_io0_a000/ori_law14_M3_vector_requested_ip3_io0_a000A001.vtk
LAW14,M3_vector_requested_ip3,M3_vector_requested,"fiber vector populated but Ip=3, retained for requested cross product",0,3,30.0,22.267164983219914,ori_law14_M3_vector_requested_ip3_io0_a030,0,0,0,171.23943863142526,171.6416699584078,171.39848383412087,85699776.0,0.0005000031160307117,0.000500467513120384,8590.107971191406,85901079.71191406,669.0221847301524,False,1,FAIL,,references/orientation_probe_decks/runs/ori_law14_M3_vector_requested_ip3_io0_a030/ori_law14_M3_vector_requested_ip3_io0_a030A001.vtk
LAW14,M3_vector_requested_ip3,M3_vector_requested,"fiber vector populated but Ip=3, retained for requested cross product",0,3,45.0,13.277196220353677,ori_law14_M3_vector_requested_ip3_io0_a045,0,0,0,171.23943863142526,171.6416699584078,171.39848383412087,85699776.0,0.0005000031160307117,0.000500467513120384,8590.107971191406,85901079.71191406,1189.7259013835967,False,1,FAIL,,references/orientation_probe_decks/runs/ori_law14_M3_vector_requested_ip3_io0_a045/ori_law14_M3_vector_requested_ip3_io0_a045A001.vtk
LAW14,M3_vector_requested_ip3,M3_vector_requested,"fiber vector populated but Ip=3, retained for requested cross product",0,3,60.0,10.303106998372343,ori_law14_M3_vector_requested_ip3_io0_a060,0,0,0,171.23943863142526,171.6416699584078,171.39848383412087,85699776.0,0.0005000031160307117,0.000500467513120384,8590.107971191406,85901079.71191406,1562.0174735492624,False,1,FAIL,,references/orientation_probe_decks/runs/ori_law14_M3_vector_requested_ip3_io0_a060/ori_law14_M3_vector_requested_ip3_io0_a060A001.vtk
LAW14,M3_vector_requested_ip3,M3_vector_requested,"fiber vector populated but Ip=3, retained for requested cross product",0,3,90.0,9.08,ori_law14_M3_vector_requested_ip3_io0_a090,0,0,0,171.23943863142526,171.6416699584078,171.39848383412087,85699776.0,0.0005000031160307117,0.000500467513120384,8590.107971191406,85901079.71191406,1785.8969012271505,False,1,FAIL,,references/orientation_probe_decks/runs/ori_law14_M3_vector_requested_ip3_io0_a090/ori_law14_M3_vector_requested_ip3_io0_a090A001.vtk
LAW14,M3_vector_requested_ip3,M3_vector_requested,"fiber vector populated but Ip=3, retained for requested cross product",1,3,0.0,171.4,ori_law14_M3_vector_requested_ip3_io1_a000,0,0,0,9.031886564480953,9.48466855577022,9.069885246854184,4519962.5,0.0004983483668183908,0.0005004450031265151,474.6554985046387,4746554.985046387,94.73052125759571,False,1,FAIL,,references/orientation_probe_decks/runs/ori_law14_M3_vector_requested_ip3_io1_a000/ori_law14_M3_vector_requested_ip3_io1_a000A001.vtk
LAW14,M3_vector_requested_ip3,M3_vector_requested,"fiber vector populated but Ip=3, retained for requested cross product",1,3,30.0,22.267164983219914,ori_law14_M3_vector_requested_ip3_io1_a030,0,0,0,9.031886564480953,9.48466855577022,9.069885246854184,4519962.5,0.0004983483668183908,0.0005004450031265151,474.6554985046387,4746554.985046387,59.43854293401427,False,1,FAIL,,references/orientation_probe_decks/runs/ori_law14_M3_vector_requested_ip3_io1_a030/ori_law14_M3_vector_requested_ip3_io1_a030A001.vtk
LAW14,M3_vector_requested_ip3,M3_vector_requested,"fiber vector populated but Ip=3, retained for requested cross product",1,3,45.0,13.277196220353677,ori_law14_M3_vector_requested_ip3_io1_a045,0,0,0,9.031886564480953,9.48466855577022,9.069885246854184,4519962.5,0.0004983483668183908,0.0005004450031265151,474.6554985046387,4746554.985046387,31.974443891736325,False,1,FAIL,,references/orientation_probe_decks/runs/ori_law14_M3_vector_requested_ip3_io1_a045/ori_law14_M3_vector_requested_ip3_io1_a045A001.vtk
LAW14,M3_vector_requested_ip3,M3_vector_requested,"fiber vector populated but Ip=3, retained for requested cross product",1,3,60.0,10.303106998372343,ori_law14_M3_vector_requested_ip3_io1_a060,0,0,0,9.031886564480953,9.48466855577022,9.069885246854184,4519962.5,0.0004983483668183908,0.0005004450031265151,474.6554985046387,4746554.985046387,12.338224130761855,False,1,FAIL,,references/orientation_probe_decks/runs/ori_law14_M3_vector_requested_ip3_io1_a060/ori_law14_M3_vector_requested_ip3_io1_a060A001.vtk
LAW14,M3_vector_requested_ip3,M3_vector_requested,"fiber vector populated but Ip=3, retained for requested cross product",1,3,90.0,9.08,ori_law14_M3_vector_requested_ip3_io1_a090,0,0,0,9.031886564480953,9.48466855577022,9.069885246854184,4519962.5,0.0004983483668183908,0.0005004450031265151,474.6554985046387,4746554.985046387,0.5298836510908236,True,1,FAIL,,references/orientation_probe_decks/runs/ori_law14_M3_vector_requested_ip3_io1_a090/ori_law14_M3_vector_requested_ip3_io1_a090A001.vtk
LAW14,M3_vector_ip11,M3_vector_project,project V on plane normal to local 3-axis,0,11,0.0,171.4,ori_law14_M3_vector_ip11_io0_a000,0,0,0,9.065303980939104,8.772514115231274,9.08110004530705,4537252.5,0.0004996368807042018,0.0005005074854125269,439.0708980560303,4390708.980560303,94.71102451520471,False,1,FAIL,,references/orientation_probe_decks/runs/ori_law14_M3_vector_ip11_io0_a000/ori_law14_M3_vector_ip11_io0_a000A001.vtk
LAW14,M3_vector_ip11,M3_vector_project,project V on plane normal to local 3-axis,0,11,30.0,22.267164983219914,ori_law14_M3_vector_ip11_io0_a030,0,0,0,9.065303980939104,8.772514115231274,9.08110004530705,4537252.5,0.0004996368807042018,0.0005005074854125269,439.0708980560303,4390708.980560303,59.28846807498604,False,1,FAIL,,references/orientation_probe_decks/runs/ori_law14_M3_vector_ip11_io0_a030/ori_law14_M3_vector_ip11_io0_a030A001.vtk
LAW14,M3_vector_ip11,M3_vector_project,project V on plane normal to local 3-axis,0,11,45.0,13.277196220353677,ori_law14_M3_vector_ip11_io0_a045,0,0,0,9.065303980939104,8.772514115231274,9.08110004530705,4537252.5,0.0004996368807042018,0.0005005074854125269,439.0708980560303,4390708.980560303,31.72275358074339,False,1,FAIL,,references/orientation_probe_decks/runs/ori_law14_M3_vector_ip11_io0_a045/ori_law14_M3_vector_ip11_io0_a045A001.vtk
LAW14,M3_vector_ip11,M3_vector_project,project V on plane normal to local 3-axis,0,11,60.0,10.303106998372343,ori_law14_M3_vector_ip11_io0_a060,0,0,0,9.065303980939104,8.772514115231274,9.08110004530705,4537252.5,0.0004996368807042018,0.0005005074854125269,439.0708980560303,4390708.980560303,12.013881032476744,False,1,FAIL,,references/orientation_probe_decks/runs/ori_law14_M3_vector_ip11_io0_a060/ori_law14_M3_vector_ip11_io0_a060A001.vtk
LAW14,M3_vector_ip11,M3_vector_project,project V on plane normal to local 3-axis,0,11,90.0,9.08,ori_law14_M3_vector_ip11_io0_a090,0,0,0,9.065303980939104,8.772514115231274,9.08110004530705,4537252.5,0.0004996368807042018,0.0005005074854125269,439.0708980560303,4390708.980560303,0.16185043018607842,True,1,FAIL,,references/orientation_probe_decks/runs/ori_law14_M3_vector_ip11_io0_a090/ori_law14_M3_vector_ip11_io0_a090A001.vtk
LAW14,M3_vector_ip11,M3_vector_project,project V on plane normal to local 3-axis,1,11,0.0,171.4,ori_law14_M3_vector_ip11_io1_a000,0,0,0,171.30042760513442,170.9839072982084,171.41182990544542,85730299.0,0.0005001422541681677,0.000500467513120384,8557.189086914062,85571890.86914062,0.05809357926812723,True,1,FAIL,,references/orientation_probe_decks/runs/ori_law14_M3_vector_ip11_io1_a000/ori_law14_M3_vector_ip11_io1_a000A001.vtk
LAW14,M3_vector_ip11,M3_vector_project,project V on plane normal to local 3-axis,1,11,30.0,22.267164983219914,ori_law14_M3_vector_ip11_io1_a030,0,0,0,171.30042760513442,170.9839072982084,171.41182990544542,85730299.0,0.0005001422541681677,0.000500467513120384,8557.189086914062,85571890.86914062,669.2960811770289,False,1,FAIL,,references/orientation_probe_decks/runs/ori_law14_M3_vector_ip11_io1_a030/ori_law14_M3_vector_ip11_io1_a030A001.vtk
LAW14,M3_vector_ip11,M3_vector_project,project V on plane normal to local 3-axis,1,11,45.0,13.277196220353677,ori_law14_M3_vector_ip11_io1_a045,0,0,0,171.30042760513442,170.9839072982084,171.41182990544542,85730299.0,0.0005001422541681677,0.000500467513120384,8557.189086914062,85571890.86914062,1190.1852526856107,False,1,FAIL,,references/orientation_probe_decks/runs/ori_law14_M3_vector_ip11_io1_a045/ori_law14_M3_vector_ip11_io1_a045A001.vtk
LAW14,M3_vector_ip11,M3_vector_project,project V on plane normal to local 3-axis,1,11,60.0,10.303106998372343,ori_law14_M3_vector_ip11_io1_a060,0,0,0,171.30042760513442,170.9839072982084,171.41182990544542,85730299.0,0.0005001422541681677,0.000500467513120384,8557.189086914062,85571890.86914062,1562.6094209464777,False,1,FAIL,,references/orientation_probe_decks/runs/ori_law14_M3_vector_ip11_io1_a060/ori_law14_M3_vector_ip11_io1_a060A001.vtk
LAW14,M3_vector_ip11,M3_vector_project,project V on plane normal to local 3-axis,1,11,90.0,9.08,ori_law14_M3_vector_ip11_io1_a090,0,0,0,171.30042760513442,170.9839072982084,171.41182990544542,85730299.0,0.0005001422541681677,0.000500467513120384,8557.189086914062,85571890.86914062,1786.5685859596304,False,1,FAIL,,references/orientation_probe_decks/runs/ori_law14_M3_vector_ip11_io1_a090/ori_law14_M3_vector_ip11_io1_a090A001.vtk
LAW14,M3_vector_ip13,M3_vector_project,project V on plane normal to local 2-axis,0,13,0.0,171.4,ori_law14_M3_vector_ip13_io0_a000,0,0,0,171.23943863142526,171.6416699584078,171.39848383412087,85699776.0,0.0005000031160307117,0.000500467513120384,8590.107971191406,85901079.71191406,0.09367641107044197,True,5,PASS,,references/orientation_probe_decks/runs/ori_law14_M3_vector_ip13_io0_a000/ori_law14_M3_vector_ip13_io0_a000A001.vtk
LAW14,M3_vector_ip13,M3_vector_project,project V on plane normal to local 2-axis,0,13,30.0,22.267164983219914,ori_law14_M3_vector_ip13_io0_a030,0,0,0,22.213085755734593,22.387616889477897,104.89174541300993,11116650.0,0.0001059821242961334,0.0005004550075682346,1120.3994979858398,11203994.979858398,0.24286534691809245,True,5,PASS,,references/orientation_probe_decks/runs/ori_law14_M3_vector_ip13_io0_a030/ori_law14_M3_vector_ip13_io0_a030A001.vtk
LAW14,M3_vector_ip13,M3_vector_project,project V on plane normal to local 2-axis,0,13,45.0,13.277196220353677,ori_law14_M3_vector_ip13_io0_a045,0,0,0,13.271242154653473,12.99321005448892,35.32614703745331,6641858.75,0.00018801537407853175,0.0005004700142308138,650.2712020874023,6502712.020874023,0.04484429996655075,True,5,PASS,,references/orientation_probe_decks/runs/ori_law14_M3_vector_ip13_io0_a045/ori_law14_M3_vector_ip13_io0_a045A001.vtk
LAW14,M3_vector_ip13,M3_vector_project,project V on plane normal to local 2-axis,0,13,60.0,10.303106998372343,ori_law14_M3_vector_ip13_io0_a060,0,0,0,10.301395685866106,10.492898997110425,16.14938070385093,5155720.0,0.0003192518706782721,0.000500487522003823,525.1565017700195,5251565.017700195,0.016609674212908578,True,5,PASS,,references/orientation_probe_decks/runs/ori_law14_M3_vector_ip13_io0_a060/ori_law14_M3_vector_ip13_io0_a060A001.vtk
LAW14,M3_vector_ip13,M3_vector_project,project V on plane normal to local 2-axis,0,13,90.0,9.08,ori_law14_M3_vector_ip13_io0_a090,0,0,0,9.065303980939104,8.772514115231274,9.08110004530705,4537252.5,0.0004996368807042018,0.0005005074854125269,439.0708980560303,4390708.980560303,0.16185043018607842,True,5,PASS,,references/orientation_probe_decks/runs/ori_law14_M3_vector_ip13_io0_a090/ori_law14_M3_vector_ip13_io0_a090A001.vtk
LAW14,M3_vector_ip13,M3_vector_project,project V on plane normal to local 2-axis,1,13,0.0,171.4,ori_law14_M3_vector_ip13_io1_a000,0,0,0,9.031886564480953,9.48466855577022,9.069885246854184,4519962.5,0.0004983483668183908,0.0005004450031265151,474.6554985046387,4746554.985046387,94.73052125759571,False,1,FAIL,,references/orientation_probe_decks/runs/ori_law14_M3_vector_ip13_io1_a000/ori_law14_M3_vector_ip13_io1_a000A001.vtk
LAW14,M3_vector_ip13,M3_vector_project,project V on plane normal to local 2-axis,1,13,30.0,22.267164983219914,ori_law14_M3_vector_ip13_io1_a030,0,0,0,22.34186178397852,22.34100419891353,15.873595813034033,11174450.0,0.0007039646297926083,0.0005001575118512847,1117.4021072387695,11174021.072387695,0.3354571667066551,True,1,FAIL,,references/orientation_probe_decks/runs/ori_law14_M3_vector_ip13_io1_a030/ori_law14_M3_vector_ip13_io1_a030A001.vtk
LAW14,M3_vector_ip13,M3_vector_project,project V on plane normal to local 2-axis,1,13,45.0,13.277196220353677,ori_law14_M3_vector_ip13_io1_a045,0,0,0,46.167022547630616,45.88233246486167,34.40854063881211,23087550.0,0.0006709831213811412,0.0005000874807592481,2294.5180053710938,22945180.053710938,247.71665479235364,False,1,FAIL,,references/orientation_probe_decks/runs/ori_law14_M3_vector_ip13_io1_a045/ori_law14_M3_vector_ip13_io1_a045A001.vtk
LAW14,M3_vector_ip13,M3_vector_project,project V on plane normal to local 2-axis,1,13,60.0,10.303106998372343,ori_law14_M3_vector_ip13_io1_a060,0,0,0,94.84505444176659,94.83565361392404,104.48544235989611,47447662.5,0.00045410787788568996,0.0005002650141250342,4744.295959472656,47442959.59472656,820.54808764725,False,1,FAIL,,references/orientation_probe_decks/runs/ori_law14_M3_vector_ip13_io1_a060/ori_law14_M3_vector_ip13_io1_a060A001.vtk
LAW14,M3_vector_ip13,M3_vector_project,project V on plane normal to local 2-axis,1,13,90.0,9.08,ori_law14_M3_vector_ip13_io1_a090,0,0,0,171.30042760513442,170.9839072982084,171.41182990544542,85730299.0,0.0005001422541681677,0.000500467513120384,8557.189086914062,85571890.86914062,1786.5685859596304,False,1,FAIL,,references/orientation_probe_decks/runs/ori_law14_M3_vector_ip13_io1_a090/ori_law14_M3_vector_ip13_io1_a090A001.vtk
LAW14,M4_vector_point_ip24,M4_vector_point,"source-driven Vj+Pt mode; V is transverse axis, P shifts the normal",0,24,0.0,171.4,ori_law14_M4_vector_point_ip24_io0_a000,0,0,0,168.6678285817637,169.3346983825827,171.5705672346579,84411925.0,0.0004919953717035241,0.0005004625108995242,8474.566833496094,84745668.33496094,1.5940323326932893,True,5,PASS,,references/orientation_probe_decks/runs/ori_law14_M4_vector_point_ip24_io0_a000/ori_law14_M4_vector_point_ip24_io0_a000A001.vtk
LAW14,M4_vector_point_ip24,M4_vector_point,"source-driven Vj+Pt mode; V is transverse axis, P shifts the normal",0,24,30.0,22.267164983219914,ori_law14_M4_vector_point_ip24_io0_a030,0,0,0,22.191705212352698,22.338481610649584,104.9937498557016,11105950.0,0.00010577724879112793,0.0005004550075682346,1117.9404983520508,11179404.983520508,0.3388836024885932,True,5,PASS,,references/orientation_probe_decks/runs/ori_law14_M4_vector_point_ip24_io0_a030/ori_law14_M4_vector_point_ip24_io0_a030A001.vtk
LAW14,M4_vector_point_ip24,M4_vector_point,"source-driven Vj+Pt mode; V is transverse axis, P shifts the normal",0,24,45.0,13.277196220353677,ori_law14_M4_vector_point_ip24_io0_a045,0,0,0,13.27257340324191,12.971548593148633,35.34101582070581,6642525.0,0.0001879551236925181,0.0005004700142308138,649.1871109008789,6491871.109008789,0.03481772081275881,True,5,PASS,,references/orientation_probe_decks/runs/ori_law14_M4_vector_point_ip24_io0_a045/ori_law14_M4_vector_point_ip24_io0_a045A001.vtk
LAW14,M4_vector_point_ip24,M4_vector_point,"source-driven Vj+Pt mode; V is transverse axis, P shifts the normal",0,24,60.0,10.303106998372343,ori_law14_M4_vector_point_ip24_io0_a060,0,0,0,10.301548037316739,10.495918209007675,16.15131390290853,5155796.25,0.000319218379445374,0.000500487522003823,525.3076095581055,5253076.095581055,0.015130979964113883,True,5,PASS,,references/orientation_probe_decks/runs/ori_law14_M4_vector_point_ip24_io0_a060/ori_law14_M4_vector_point_ip24_io0_a060A001.vtk
LAW14,M4_vector_point_ip24,M4_vector_point,"source-driven Vj+Pt mode; V is transverse axis, P shifts the normal",0,24,90.0,9.08,ori_law14_M4_vector_point_ip24_io0_a090,0,0,0,9.065348935311725,8.77214446478093,9.081127092850359,4537275.0,0.0004996378702344373,0.0005005074854125269,439.052396774292,4390523.96774292,0.16135533797659013,True,5,PASS,,references/orientation_probe_decks/runs/ori_law14_M4_vector_point_ip24_io0_a090/ori_law14_M4_vector_point_ip24_io0_a090A001.vtk
LAW14,M4_vector_point_ip24,M4_vector_point,"source-driven Vj+Pt mode; V is transverse axis, P shifts the normal",1,24,0.0,171.4,ori_law14_M4_vector_point_ip24_io1_a000,0,0,0,9.031219658031862,9.487134393995694,9.069497580622068,4519628.75,0.0004983328690286726,0.0005004450031265151,474.7789001464844,4747789.001464844,94.73091035120662,False,1,FAIL,,references/orientation_probe_decks/runs/ori_law14_M4_vector_point_ip24_io1_a000/ori_law14_M4_vector_point_ip24_io1_a000A001.vtk
LAW14,M4_vector_point_ip24,M4_vector_point,"source-driven Vj+Pt mode; V is transverse axis, P shifts the normal",1,24,30.0,22.267164983219914,ori_law14_M4_vector_point_ip24_io1_a030,0,0,0,22.31427047589455,22.31184285320207,15.870532150946548,11160650.0,0.0007032309877104126,0.0005001575118512847,1115.9435806274414,11159435.806274414,0.21154687949783724,True,1,FAIL,,references/orientation_probe_decks/runs/ori_law14_M4_vector_point_ip24_io1_a030/ori_law14_M4_vector_point_ip24_io1_a030A001.vtk
LAW14,M4_vector_point_ip24,M4_vector_point,"source-driven Vj+Pt mode; V is transverse axis, P shifts the normal",1,24,45.0,13.277196220353677,ori_law14_M4_vector_point_ip24_io1_a045,0,0,0,46.24790839571981,45.98337435673134,34.5003761051112,23128000.0,0.0006703695034957491,0.0005000874807592481,2299.5709838867188,22995709.838867188,248.32586359477534,False,1,FAIL,,references/orientation_probe_decks/runs/ori_law14_M4_vector_point_ip24_io1_a045/ori_law14_M4_vector_point_ip24_io1_a045A001.vtk
LAW14,M4_vector_point_ip24,M4_vector_point,"source-driven Vj+Pt mode; V is transverse axis, P shifts the normal",1,24,60.0,10.303106998372343,ori_law14_M4_vector_point_ip24_io1_a060,0,0,0,94.75497617111311,94.71485231530681,104.6247225133173,47402362.5,0.0004530703772616107,0.0005002625130146043,4738.22900390625,47382290.0390625,819.6738050578552,False,1,FAIL,,references/orientation_probe_decks/runs/ori_law14_M4_vector_point_ip24_io1_a060/ori_law14_M4_vector_point_ip24_io1_a060A001.vtk
LAW14,M4_vector_point_ip24,M4_vector_point,"source-driven Vj+Pt mode; V is transverse axis, P shifts the normal",1,24,90.0,9.08,ori_law14_M4_vector_point_ip24_io1_a090,0,0,0,171.29678501105548,170.98320239090896,171.41178828166636,85728476.0,0.0005001317404094152,0.000500467513120384,8557.15380859375,85571538.0859375,1786.528469284752,False,1,FAIL,,references/orientation_probe_decks/runs/ori_law14_M4_vector_point_ip24_io1_a090/ori_law14_M4_vector_point_ip24_io1_a090A001.vtk
LAW14,M5_inibri_ortho_ip1,M5_inibri_ortho,/INIBRI/ORTHO global g1/g2 axes with neutral Ip=1 property,0,1,0.0,171.4,ori_law14_M5_inibri_ortho_ip1_io0_a000,0,0,0,171.23943863142526,171.6416699584078,171.39848383412087,85699776.0,0.0005000031160307117,0.000500467513120384,8590.107971191406,85901079.71191406,0.09367641107044197,True,5,PASS,,references/orientation_probe_decks/runs/ori_law14_M5_inibri_ortho_ip1_io0_a000/ori_law14_M5_inibri_ortho_ip1_io0_a000A001.vtk
LAW14,M5_inibri_ortho_ip1,M5_inibri_ortho,/INIBRI/ORTHO global g1/g2 axes with neutral Ip=1 property,0,1,30.0,22.267164983219914,ori_law14_M5_inibri_ortho_ip1_io0_a030,0,0,0,22.213085755734593,22.387616889477897,104.89174541300993,11116650.0,0.0001059821242961334,0.0005004550075682346,1120.3994979858398,11203994.979858398,0.24286534691809245,True,5,PASS,,references/orientation_probe_decks/runs/ori_law14_M5_inibri_ortho_ip1_io0_a030/ori_law14_M5_inibri_ortho_ip1_io0_a030A001.vtk
LAW14,M5_inibri_ortho_ip1,M5_inibri_ortho,/INIBRI/ORTHO global g1/g2 axes with neutral Ip=1 property,0,1,45.0,13.277196220353677,ori_law14_M5_inibri_ortho_ip1_io0_a045,0,0,0,13.271242154653473,12.99321005448892,35.32614703745331,6641858.75,0.00018801537407853175,0.0005004700142308138,650.2712020874023,6502712.020874023,0.04484429996655075,True,5,PASS,,references/orientation_probe_decks/runs/ori_law14_M5_inibri_ortho_ip1_io0_a045/ori_law14_M5_inibri_ortho_ip1_io0_a045A001.vtk
LAW14,M5_inibri_ortho_ip1,M5_inibri_ortho,/INIBRI/ORTHO global g1/g2 axes with neutral Ip=1 property,0,1,60.0,10.303106998372343,ori_law14_M5_inibri_ortho_ip1_io0_a060,0,0,0,10.301395685866106,10.492898997110425,16.14938070385093,5155720.0,0.0003192518706782721,0.000500487522003823,525.1565017700195,5251565.017700195,0.016609674212908578,True,5,PASS,,references/orientation_probe_decks/runs/ori_law14_M5_inibri_ortho_ip1_io0_a060/ori_law14_M5_inibri_ortho_ip1_io0_a060A001.vtk
LAW14,M5_inibri_ortho_ip1,M5_inibri_ortho,/INIBRI/ORTHO global g1/g2 axes with neutral Ip=1 property,0,1,90.0,9.08,ori_law14_M5_inibri_ortho_ip1_io0_a090,0,0,0,9.065303980939104,8.772514115231274,9.08110004530705,4537252.5,0.0004996368807042018,0.0005005074854125269,439.0708980560303,4390708.980560303,0.16185043018607842,True,5,PASS,,references/orientation_probe_decks/runs/ori_law14_M5_inibri_ortho_ip1_io0_a090/ori_law14_M5_inibri_ortho_ip1_io0_a090A001.vtk
LAW14,M5_inibri_ortho_ip1,M5_inibri_ortho,/INIBRI/ORTHO global g1/g2 axes with neutral Ip=1 property,1,1,0.0,171.4,ori_law14_M5_inibri_ortho_ip1_io1_a000,0,0,0,171.30042760513442,170.9839072982084,171.41182990544542,85730299.0,0.0005001422541681677,0.000500467513120384,8557.189086914062,85571890.86914062,0.05809357926812723,True,5,PASS,,references/orientation_probe_decks/runs/ori_law14_M5_inibri_ortho_ip1_io1_a000/ori_law14_M5_inibri_ortho_ip1_io1_a000A001.vtk
LAW14,M5_inibri_ortho_ip1,M5_inibri_ortho,/INIBRI/ORTHO global g1/g2 axes with neutral Ip=1 property,1,1,30.0,22.267164983219914,ori_law14_M5_inibri_ortho_ip1_io1_a030,0,0,0,22.380221708675695,22.67958195633346,106.55469253153157,11200350.0,0.00010511362506804289,0.0005004575086786645,1135.0167083740234,11350167.083740234,0.5077284222799683,True,5,PASS,,references/orientation_probe_decks/runs/ori_law14_M5_inibri_ortho_ip1_io1_a030/ori_law14_M5_inibri_ortho_ip1_io1_a030A001.vtk
LAW14,M5_inibri_ortho_ip1,M5_inibri_ortho,/INIBRI/ORTHO global g1/g2 axes with neutral Ip=1 property,1,1,45.0,13.277196220353677,ori_law14_M5_inibri_ortho_ip1_io1_a045,0,0,0,13.253181632058745,12.858542791788942,35.35100165163109,6632820.0,0.00018762749823508784,0.0005004700142308138,643.5315093994141,6435315.093994141,0.18087093009981678,True,5,PASS,,references/orientation_probe_decks/runs/ori_law14_M5_inibri_ortho_ip1_io1_a045/ori_law14_M5_inibri_ortho_ip1_io1_a045A001.vtk
LAW14,M5_inibri_ortho_ip1,M5_inibri_ortho,/INIBRI/ORTHO global g1/g2 axes with neutral Ip=1 property,1,1,60.0,10.303106998372343,ori_law14_M5_inibri_ortho_ip1_io1_a060,0,0,0,10.224404400486529,10.27625154677365,16.119492887632443,5117161.25,0.0003174517514707986,0.0005004850208933931,514.3109970092773,5143109.970092773,0.7638724697146976,True,5,PASS,,references/orientation_probe_decks/runs/ori_law14_M5_inibri_ortho_ip1_io1_a060/ori_law14_M5_inibri_ortho_ip1_io1_a060A001.vtk
LAW14,M5_inibri_ortho_ip1,M5_inibri_ortho,/INIBRI/ORTHO global g1/g2 axes with neutral Ip=1 property,1,1,90.0,9.08,ori_law14_M5_inibri_ortho_ip1_io1_a090,0,0,0,9.01507496192797,9.476133953627766,9.063196611701676,4512112.5,0.0004978500073775649,0.0005005074854125269,474.28759765625,4742875.9765625,0.7150334589430519,True,5,PASS,,references/orientation_probe_decks/runs/ori_law14_M5_inibri_ortho_ip1_io1_a090/ori_law14_M5_inibri_ortho_ip1_io1_a090A001.vtk
LAW14,M5_inibri_ortho_ip20,M5_inibri_ortho,/INIBRI/ORTHO global g1/g2 axes with source-documented Ip=20,0,20,0.0,171.4,ori_law14_M5_inibri_ortho_ip20_io0_a000,0,0,0,171.23943863142526,171.6416699584078,171.39848383412087,85699776.0,0.0005000031160307117,0.000500467513120384,8590.107971191406,85901079.71191406,0.09367641107044197,True,5,PASS,,references/orientation_probe_decks/runs/ori_law14_M5_inibri_ortho_ip20_io0_a000/ori_law14_M5_inibri_ortho_ip20_io0_a000A001.vtk
LAW14,M5_inibri_ortho_ip20,M5_inibri_ortho,/INIBRI/ORTHO global g1/g2 axes with source-documented Ip=20,0,20,30.0,22.267164983219914,ori_law14_M5_inibri_ortho_ip20_io0_a030,0,0,0,22.213085755734593,22.387616889477897,104.89174541300993,11116650.0,0.0001059821242961334,0.0005004550075682346,1120.3994979858398,11203994.979858398,0.24286534691809245,True,5,PASS,,references/orientation_probe_decks/runs/ori_law14_M5_inibri_ortho_ip20_io0_a030/ori_law14_M5_inibri_ortho_ip20_io0_a030A001.vtk
LAW14,M5_inibri_ortho_ip20,M5_inibri_ortho,/INIBRI/ORTHO global g1/g2 axes with source-documented Ip=20,0,20,45.0,13.277196220353677,ori_law14_M5_inibri_ortho_ip20_io0_a045,0,0,0,13.271242154653473,12.99321005448892,35.32614703745331,6641858.75,0.00018801537407853175,0.0005004700142308138,650.2712020874023,6502712.020874023,0.04484429996655075,True,5,PASS,,references/orientation_probe_decks/runs/ori_law14_M5_inibri_ortho_ip20_io0_a045/ori_law14_M5_inibri_ortho_ip20_io0_a045A001.vtk
LAW14,M5_inibri_ortho_ip20,M5_inibri_ortho,/INIBRI/ORTHO global g1/g2 axes with source-documented Ip=20,0,20,60.0,10.303106998372343,ori_law14_M5_inibri_ortho_ip20_io0_a060,0,0,0,10.301395685866106,10.492898997110425,16.14938070385093,5155720.0,0.0003192518706782721,0.000500487522003823,525.1565017700195,5251565.017700195,0.016609674212908578,True,5,PASS,,references/orientation_probe_decks/runs/ori_law14_M5_inibri_ortho_ip20_io0_a060/ori_law14_M5_inibri_ortho_ip20_io0_a060A001.vtk
LAW14,M5_inibri_ortho_ip20,M5_inibri_ortho,/INIBRI/ORTHO global g1/g2 axes with source-documented Ip=20,0,20,90.0,9.08,ori_law14_M5_inibri_ortho_ip20_io0_a090,0,0,0,9.065303980939104,8.772514115231274,9.08110004530705,4537252.5,0.0004996368807042018,0.0005005074854125269,439.0708980560303,4390708.980560303,0.16185043018607842,True,5,PASS,,references/orientation_probe_decks/runs/ori_law14_M5_inibri_ortho_ip20_io0_a090/ori_law14_M5_inibri_ortho_ip20_io0_a090A001.vtk
LAW14,M5_inibri_ortho_ip20,M5_inibri_ortho,/INIBRI/ORTHO global g1/g2 axes with source-documented Ip=20,1,20,0.0,171.4,ori_law14_M5_inibri_ortho_ip20_io1_a000,0,0,0,171.30042760513442,170.9839072982084,171.41182990544542,85730299.0,0.0005001422541681677,0.000500467513120384,8557.189086914062,85571890.86914062,0.05809357926812723,True,5,PASS,,references/orientation_probe_decks/runs/ori_law14_M5_inibri_ortho_ip20_io1_a000/ori_law14_M5_inibri_ortho_ip20_io1_a000A001.vtk
LAW14,M5_inibri_ortho_ip20,M5_inibri_ortho,/INIBRI/ORTHO global g1/g2 axes with source-documented Ip=20,1,20,30.0,22.267164983219914,ori_law14_M5_inibri_ortho_ip20_io1_a030,0,0,0,22.380221708675695,22.67958195633346,106.55469253153157,11200350.0,0.00010511362506804289,0.0005004575086786645,1135.0167083740234,11350167.083740234,0.5077284222799683,True,5,PASS,,references/orientation_probe_decks/runs/ori_law14_M5_inibri_ortho_ip20_io1_a030/ori_law14_M5_inibri_ortho_ip20_io1_a030A001.vtk
LAW14,M5_inibri_ortho_ip20,M5_inibri_ortho,/INIBRI/ORTHO global g1/g2 axes with source-documented Ip=20,1,20,45.0,13.277196220353677,ori_law14_M5_inibri_ortho_ip20_io1_a045,0,0,0,13.253181632058745,12.858542791788942,35.35100165163109,6632820.0,0.00018762749823508784,0.0005004700142308138,643.5315093994141,6435315.093994141,0.18087093009981678,True,5,PASS,,references/orientation_probe_decks/runs/ori_law14_M5_inibri_ortho_ip20_io1_a045/ori_law14_M5_inibri_ortho_ip20_io1_a045A001.vtk
LAW14,M5_inibri_ortho_ip20,M5_inibri_ortho,/INIBRI/ORTHO global g1/g2 axes with source-documented Ip=20,1,20,60.0,10.303106998372343,ori_law14_M5_inibri_ortho_ip20_io1_a060,0,0,0,10.224404400486529,10.27625154677365,16.119492887632443,5117161.25,0.0003174517514707986,0.0005004850208933931,514.3109970092773,5143109.970092773,0.7638724697146976,True,5,PASS,,references/orientation_probe_decks/runs/ori_law14_M5_inibri_ortho_ip20_io1_a060/ori_law14_M5_inibri_ortho_ip20_io1_a060A001.vtk
LAW14,M5_inibri_ortho_ip20,M5_inibri_ortho,/INIBRI/ORTHO global g1/g2 axes with source-documented Ip=20,1,20,90.0,9.08,ori_law14_M5_inibri_ortho_ip20_io1_a090,0,0,0,9.01507496192797,9.476133953627766,9.063196611701676,4512112.5,0.0004978500073775649,0.0005005074854125269,474.28759765625,4742875.9765625,0.7150334589430519,True,5,PASS,,references/orientation_probe_decks/runs/ori_law14_M5_inibri_ortho_ip20_io1_a090/ori_law14_M5_inibri_ortho_ip20_io1_a090A001.vtk
LAW14,M6_point_ip21,M6_source_point,source-driven Pt mode: fiber from point P toward element centroid,0,21,0.0,171.4,ori_law14_M6_point_ip21_io0_a000,0,0,0,171.21857613840368,171.61954952830914,171.4012943848945,85689335.0,0.0004999340017093346,0.000500467513120384,8589.000915527344,85890009.15527344,0.10584822730239994,True,4,PASS,,references/orientation_probe_decks/runs/ori_law14_M6_point_ip21_io0_a000/ori_law14_M6_point_ip21_io0_a000A001.vtk
LAW14,M6_point_ip21,M6_source_point,source-driven Pt mode: fiber from point P toward element centroid,0,21,30.0,22.267164983219914,ori_law14_M6_point_ip21_io0_a030,0,0,0,22.801589267216748,22.992273970488103,109.1696949442206,11411112.5,0.00010452637525304453,0.0005004525064578047,1150.6541137695312,11506541.137695312,2.400055347861145,False,4,PASS,,references/orientation_probe_decks/runs/ori_law14_M6_point_ip21_io0_a030/ori_law14_M6_point_ip21_io0_a030A001.vtk
LAW14,M6_point_ip21,M6_source_point,source-driven Pt mode: fiber from point P toward element centroid,0,21,45.0,13.277196220353677,ori_law14_M6_point_ip21_io0_a045,0,0,0,13.531335159825941,13.54604021665887,37.255383330332265,6772027.5,0.0001817731263145106,0.0005004700142308138,677.9386940002441,6779386.940002441,1.914100953653719,True,4,PASS,,references/orientation_probe_decks/runs/ori_law14_M6_point_ip21_io0_a045/ori_law14_M6_point_ip21_io0_a045A001.vtk
LAW14,M6_point_ip21,M6_source_point,source-driven Pt mode: fiber from point P toward element centroid,0,21,60.0,10.303106998372343,ori_law14_M6_point_ip21_io0_a060,0,0,0,10.401095502733993,10.533192244965926,16.836688076841632,5205592.5,0.00030918150150682777,0.0005004850208933931,527.1704940795898,5271704.940795898,0.9510578156388206,True,4,PASS,,references/orientation_probe_decks/runs/ori_law14_M6_point_ip21_io0_a060/ori_law14_M6_point_ip21_io0_a060A001.vtk
LAW14,M6_point_ip21,M6_source_point,source-driven Pt mode: fiber from point P toward element centroid,0,21,90.0,9.08,ori_law14_M6_point_ip21_io0_a090,0,0,0,9.0675042477325,8.767311418521723,9.087912978852426,4538353.75,0.0004993834954802878,0.0005005074854125269,438.8104991912842,4388104.991912842,0.1376184170429507,True,4,PASS,,references/orientation_probe_decks/runs/ori_law14_M6_point_ip21_io0_a090/ori_law14_M6_point_ip21_io0_a090A001.vtk
LAW14,M6_point_ip21,M6_source_point,source-driven Pt mode: fiber from point P toward element centroid,1,21,0.0,171.4,ori_law14_M6_point_ip21_io1_a000,0,0,0,9.032780768633666,9.488475211158082,9.070298395422894,4520410.0,0.0004983750040992163,0.0005004450031265151,474.8460006713867,4748460.006713867,94.72999955155562,False,1,FAIL,,references/orientation_probe_decks/runs/ori_law14_M6_point_ip21_io1_a000/ori_law14_M6_point_ip21_io1_a000A001.vtk
LAW14,M6_point_ip21,M6_source_point,source-driven Pt mode: fiber from point P toward element centroid,1,21,30.0,22.267164983219914,ori_law14_M6_point_ip21_io1_a030,0,0,0,21.858061176088615,21.91015652576595,15.63298038494206,10932637.5,0.0006993316201260313,0.0005001650151825743,1095.8693771362305,10958693.771362305,1.837251430254325,True,1,FAIL,,references/orientation_probe_decks/runs/ori_law14_M6_point_ip21_io1_a030/ori_law14_M6_point_ip21_io1_a030A001.vtk
LAW14,M6_point_ip21,M6_source_point,source-driven Pt mode: fiber from point P toward element centroid,1,21,45.0,13.277196220353677,ori_law14_M6_point_ip21_io1_a045,0,0,0,43.89333991877648,43.92505528040902,32.23466391974501,21950400.0,0.0006809563783463091,0.0005000849796488183,2196.6260375976562,21966260.375976562,230.59193515185737,False,1,FAIL,,references/orientation_probe_decks/runs/ori_law14_M6_point_ip21_io1_a045/ori_law14_M6_point_ip21_io1_a045A001.vtk
LAW14,M6_point_ip21,M6_source_point,source-driven Pt mode: fiber from point P toward element centroid,1,21,60.0,10.303106998372343,ori_law14_M6_point_ip21_io1_a060,0,0,0,89.61241745381582,89.2642465493473,98.24090225661519,44828612.5,0.00045631311877514236,0.000500250007462455,4465.444000244141,44654440.002441406,769.7611067027892,False,1,FAIL,,references/orientation_probe_decks/runs/ori_law14_M6_point_ip21_io1_a060/ori_law14_M6_point_ip21_io1_a060A001.vtk
LAW14,M6_point_ip21,M6_source_point,source-driven Pt mode: fiber from point P toward element centroid,1,21,90.0,9.08,ori_law14_M6_point_ip21_io1_a090,0,0,0,171.48653359115394,171.09389966730075,171.9244879655611,85823439.0,0.0004991926398361102,0.000500467513120384,8562.69384765625,85626938.4765625,1788.618211356321,False,1,FAIL,,references/orientation_probe_decks/runs/ori_law14_M6_point_ip21_io1_a090/ori_law14_M6_point_ip21_io1_a090A001.vtk
LAW14,M6_vphi_ip23,M6_source_vector_phi,source-driven Vj+Phi mode,0,23,0.0,171.4,ori_law14_M6_vphi_ip23_io0_a000,2,,,,,,,,,,,,False,0,BLOCKED,                  2\nunsupported field exists\nSOLUTION :     \n    Please check input format and fields description defined in the Reference Guide.\nLAW14 TYPE6 M6_vphi_ip23 theta 0.0 Iorth 0\n .. UNITS SYSTEM                                                                         \n .. CONTROL VARIABLES                                                                    \n .. STARTER RUNNING ON    4 THREADS\n .. FUNCTIONS & TABLES\n .. MATERIALS                                                                            \n .. NODES                                                                                \n .. PROPERTIES                                                                           \n .. 3D SOLID ELEMENTS                                                                    \n .. SUBSETS\n .. ELEMENT GROUPS\n .. PART GROUPS\n .. NODE GROUP\n .. BOUNDARY CONDITIONS                                                                  \n .. IMPOSED VELOCITIES                                                                   \n .. DOMAIN DECOMPOSITION\n .. ELEMENT GROUPS                                                                       \n .. ELEMENT BUFFER INITIALIZATION                                                        \n\nERROR ID :   1920\n** ERROR IN ORTHOTROPIC SOLID PROPERTY\n\nERROR ID :   1920\n** ERROR IN ORTHOTROPIC SOLID PROPERTY\n\nERROR ID :   1920\n** ERROR IN ORTHOTROPIC SOLID PROPERTY\n\nERROR ID :   1920\n** ERROR IN ORTHOTROPIC SOLID PROPERTY\n\nERROR ID :   1920\n** ERROR IN ORTHOTROPIC SOLID PROPERTY\n\nERROR ID :   1920\n** ERROR IN ORTHOTROPIC SOLID PROPERTY\n\nERROR ID :   1920\n** ERROR IN ORTHOTROPIC SOLID PROPERTY\n\nERROR ID :   1920\n** ERROR IN ORTHOTROPIC SOLID PROPERTY\n\nERROR ID :   1920\n** ERROR IN ORTHOTROPIC SOLID PROPERTY\n\nERROR ID :   1920\n** ERROR IN ORTHOTROPIC SOLID PROPERTY\n\nERROR ID :   1920\n** ERROR IN ORTHOTROPIC SOLID PROPERTY\n\nERROR ID :   1920\n** ERROR IN ORTHOTROPIC SOLID PROPERTY\n\nERROR ID :   1920\n** ERROR IN ORTHOTROPIC SOLID PROPERTY\n\nERROR ID :   1920\n** ERROR IN ORTHOTROPIC SOLID PROPERTY\n\nERROR ID :   1920\n** ERROR IN ORTHOTROPIC SOLID PROPERTY\n\nERROR ID :   1920\n** ERROR IN ORTHOTROPIC SOLID PROPERTY\n .. GEOMETRY PLOT FILE                                                                   \n .. ERROR ==> NO RESTART FILE                                                            \n  \n------------------------------------------------------------------------\n  \n                   ** COMPUTE TIME INFORMATION **\n  \n EXECUTION STARTED      :      2026/04/29  19:10:32\n EXECUTION COMPLETED    :      2026/04/29  19:10:32\n  \n ELAPSED TIME...........=          0.24 s\n                               00:00:00\n  \n------------------------------------------------------------------------\n\n\n\n     ERROR TERMINATION                  \n     ------------------                                                                  \n             16 ERROR(S)            \n              1 WARNING(S)          \n\n\n\n\nPLEASE CHECK LISTING FILE FOR FURTHER DETAILS\n\n\n,
LAW14,M6_vphi_ip23,M6_source_vector_phi,source-driven Vj+Phi mode,0,23,30.0,22.267164983219914,ori_law14_M6_vphi_ip23_io0_a030,2,,,,,,,,,,,,False,0,BLOCKED,                 2\nunsupported field exists\nSOLUTION :     \n    Please check input format and fields description defined in the Reference Guide.\nLAW14 TYPE6 M6_vphi_ip23 theta 30.0 Iorth 0\n .. UNITS SYSTEM                                                                         \n .. CONTROL VARIABLES                                                                    \n .. STARTER RUNNING ON    4 THREADS\n .. FUNCTIONS & TABLES\n .. MATERIALS                                                                            \n .. NODES                                                                                \n .. PROPERTIES                                                                           \n .. 3D SOLID ELEMENTS                                                                    \n .. SUBSETS\n .. ELEMENT GROUPS\n .. PART GROUPS\n .. NODE GROUP\n .. BOUNDARY CONDITIONS                                                                  \n .. IMPOSED VELOCITIES                                                                   \n .. DOMAIN DECOMPOSITION\n .. ELEMENT GROUPS                                                                       \n .. ELEMENT BUFFER INITIALIZATION                                                        \n\nERROR ID :   1920\n** ERROR IN ORTHOTROPIC SOLID PROPERTY\n\nERROR ID :   1920\n** ERROR IN ORTHOTROPIC SOLID PROPERTY\n\nERROR ID :   1920\n** ERROR IN ORTHOTROPIC SOLID PROPERTY\n\nERROR ID :   1920\n** ERROR IN ORTHOTROPIC SOLID PROPERTY\n\nERROR ID :   1920\n** ERROR IN ORTHOTROPIC SOLID PROPERTY\n\nERROR ID :   1920\n** ERROR IN ORTHOTROPIC SOLID PROPERTY\n\nERROR ID :   1920\n** ERROR IN ORTHOTROPIC SOLID PROPERTY\n\nERROR ID :   1920\n** ERROR IN ORTHOTROPIC SOLID PROPERTY\n\nERROR ID :   1920\n** ERROR IN ORTHOTROPIC SOLID PROPERTY\n\nERROR ID :   1920\n** ERROR IN ORTHOTROPIC SOLID PROPERTY\n\nERROR ID :   1920\n** ERROR IN ORTHOTROPIC SOLID PROPERTY\n\nERROR ID :   1920\n** ERROR IN ORTHOTROPIC SOLID PROPERTY\n\nERROR ID :   1920\n** ERROR IN ORTHOTROPIC SOLID PROPERTY\n\nERROR ID :   1920\n** ERROR IN ORTHOTROPIC SOLID PROPERTY\n\nERROR ID :   1920\n** ERROR IN ORTHOTROPIC SOLID PROPERTY\n\nERROR ID :   1920\n** ERROR IN ORTHOTROPIC SOLID PROPERTY\n .. GEOMETRY PLOT FILE                                                                   \n .. ERROR ==> NO RESTART FILE                                                            \n  \n------------------------------------------------------------------------\n  \n                   ** COMPUTE TIME INFORMATION **\n  \n EXECUTION STARTED      :      2026/04/29  19:10:33\n EXECUTION COMPLETED    :      2026/04/29  19:10:33\n  \n ELAPSED TIME...........=          0.24 s\n                               00:00:00\n  \n------------------------------------------------------------------------\n\n\n\n     ERROR TERMINATION                  \n     ------------------                                                                  \n             16 ERROR(S)            \n              1 WARNING(S)          \n\n\n\n\nPLEASE CHECK LISTING FILE FOR FURTHER DETAILS\n\n\n,
LAW14,M6_vphi_ip23,M6_source_vector_phi,source-driven Vj+Phi mode,0,23,45.0,13.277196220353677,ori_law14_M6_vphi_ip23_io0_a045,2,,,,,,,,,,,,False,0,BLOCKED,                 2\nunsupported field exists\nSOLUTION :     \n    Please check input format and fields description defined in the Reference Guide.\nLAW14 TYPE6 M6_vphi_ip23 theta 45.0 Iorth 0\n .. UNITS SYSTEM                                                                         \n .. CONTROL VARIABLES                                                                    \n .. STARTER RUNNING ON    4 THREADS\n .. FUNCTIONS & TABLES\n .. MATERIALS                                                                            \n .. NODES                                                                                \n .. PROPERTIES                                                                           \n .. 3D SOLID ELEMENTS                                                                    \n .. SUBSETS\n .. ELEMENT GROUPS\n .. PART GROUPS\n .. NODE GROUP\n .. BOUNDARY CONDITIONS                                                                  \n .. IMPOSED VELOCITIES                                                                   \n .. DOMAIN DECOMPOSITION\n .. ELEMENT GROUPS                                                                       \n .. ELEMENT BUFFER INITIALIZATION                                                        \n\nERROR ID :   1920\n** ERROR IN ORTHOTROPIC SOLID PROPERTY\n\nERROR ID :   1920\n** ERROR IN ORTHOTROPIC SOLID PROPERTY\n\nERROR ID :   1920\n** ERROR IN ORTHOTROPIC SOLID PROPERTY\n\nERROR ID :   1920\n** ERROR IN ORTHOTROPIC SOLID PROPERTY\n\nERROR ID :   1920\n** ERROR IN ORTHOTROPIC SOLID PROPERTY\n\nERROR ID :   1920\n** ERROR IN ORTHOTROPIC SOLID PROPERTY\n\nERROR ID :   1920\n** ERROR IN ORTHOTROPIC SOLID PROPERTY\n\nERROR ID :   1920\n** ERROR IN ORTHOTROPIC SOLID PROPERTY\n\nERROR ID :   1920\n** ERROR IN ORTHOTROPIC SOLID PROPERTY\n\nERROR ID :   1920\n** ERROR IN ORTHOTROPIC SOLID PROPERTY\n\nERROR ID :   1920\n** ERROR IN ORTHOTROPIC SOLID PROPERTY\n\nERROR ID :   1920\n** ERROR IN ORTHOTROPIC SOLID PROPERTY\n\nERROR ID :   1920\n** ERROR IN ORTHOTROPIC SOLID PROPERTY\n\nERROR ID :   1920\n** ERROR IN ORTHOTROPIC SOLID PROPERTY\n\nERROR ID :   1920\n** ERROR IN ORTHOTROPIC SOLID PROPERTY\n\nERROR ID :   1920\n** ERROR IN ORTHOTROPIC SOLID PROPERTY\n .. GEOMETRY PLOT FILE                                                                   \n .. ERROR ==> NO RESTART FILE                                                            \n  \n------------------------------------------------------------------------\n  \n                   ** COMPUTE TIME INFORMATION **\n  \n EXECUTION STARTED      :      2026/04/29  19:10:33\n EXECUTION COMPLETED    :      2026/04/29  19:10:33\n  \n ELAPSED TIME...........=          0.24 s\n                               00:00:00\n  \n------------------------------------------------------------------------\n\n\n\n     ERROR TERMINATION                  \n     ------------------                                                                  \n             16 ERROR(S)            \n              1 WARNING(S)          \n\n\n\n\nPLEASE CHECK LISTING FILE FOR FURTHER DETAILS\n\n\n,
LAW14,M6_vphi_ip23,M6_source_vector_phi,source-driven Vj+Phi mode,0,23,60.0,10.303106998372343,ori_law14_M6_vphi_ip23_io0_a060,2,,,,,,,,,,,,False,0,BLOCKED,                 2\nunsupported field exists\nSOLUTION :     \n    Please check input format and fields description defined in the Reference Guide.\nLAW14 TYPE6 M6_vphi_ip23 theta 60.0 Iorth 0\n .. UNITS SYSTEM                                                                         \n .. CONTROL VARIABLES                                                                    \n .. STARTER RUNNING ON    4 THREADS\n .. FUNCTIONS & TABLES\n .. MATERIALS                                                                            \n .. NODES                                                                                \n .. PROPERTIES                                                                           \n .. 3D SOLID ELEMENTS                                                                    \n .. SUBSETS\n .. ELEMENT GROUPS\n .. PART GROUPS\n .. NODE GROUP\n .. BOUNDARY CONDITIONS                                                                  \n .. IMPOSED VELOCITIES                                                                   \n .. DOMAIN DECOMPOSITION\n .. ELEMENT GROUPS                                                                       \n .. ELEMENT BUFFER INITIALIZATION                                                        \n\nERROR ID :   1920\n** ERROR IN ORTHOTROPIC SOLID PROPERTY\n\nERROR ID :   1920\n** ERROR IN ORTHOTROPIC SOLID PROPERTY\n\nERROR ID :   1920\n** ERROR IN ORTHOTROPIC SOLID PROPERTY\n\nERROR ID :   1920\n** ERROR IN ORTHOTROPIC SOLID PROPERTY\n\nERROR ID :   1920\n** ERROR IN ORTHOTROPIC SOLID PROPERTY\n\nERROR ID :   1920\n** ERROR IN ORTHOTROPIC SOLID PROPERTY\n\nERROR ID :   1920\n** ERROR IN ORTHOTROPIC SOLID PROPERTY\n\nERROR ID :   1920\n** ERROR IN ORTHOTROPIC SOLID PROPERTY\n\nERROR ID :   1920\n** ERROR IN ORTHOTROPIC SOLID PROPERTY\n\nERROR ID :   1920\n** ERROR IN ORTHOTROPIC SOLID PROPERTY\n\nERROR ID :   1920\n** ERROR IN ORTHOTROPIC SOLID PROPERTY\n\nERROR ID :   1920\n** ERROR IN ORTHOTROPIC SOLID PROPERTY\n\nERROR ID :   1920\n** ERROR IN ORTHOTROPIC SOLID PROPERTY\n\nERROR ID :   1920\n** ERROR IN ORTHOTROPIC SOLID PROPERTY\n\nERROR ID :   1920\n** ERROR IN ORTHOTROPIC SOLID PROPERTY\n\nERROR ID :   1920\n** ERROR IN ORTHOTROPIC SOLID PROPERTY\n .. GEOMETRY PLOT FILE                                                                   \n .. ERROR ==> NO RESTART FILE                                                            \n  \n------------------------------------------------------------------------\n  \n                   ** COMPUTE TIME INFORMATION **\n  \n EXECUTION STARTED      :      2026/04/29  19:10:33\n EXECUTION COMPLETED    :      2026/04/29  19:10:33\n  \n ELAPSED TIME...........=          0.24 s\n                               00:00:00\n  \n------------------------------------------------------------------------\n\n\n\n     ERROR TERMINATION                  \n     ------------------                                                                  \n             16 ERROR(S)            \n              1 WARNING(S)          \n\n\n\n\nPLEASE CHECK LISTING FILE FOR FURTHER DETAILS\n\n\n,
LAW14,M6_vphi_ip23,M6_source_vector_phi,source-driven Vj+Phi mode,0,23,90.0,9.08,ori_law14_M6_vphi_ip23_io0_a090,2,,,,,,,,,,,,False,0,BLOCKED,                 2\nunsupported field exists\nSOLUTION :     \n    Please check input format and fields description defined in the Reference Guide.\nLAW14 TYPE6 M6_vphi_ip23 theta 90.0 Iorth 0\n .. UNITS SYSTEM                                                                         \n .. CONTROL VARIABLES                                                                    \n .. STARTER RUNNING ON    4 THREADS\n .. FUNCTIONS & TABLES\n .. MATERIALS                                                                            \n .. NODES                                                                                \n .. PROPERTIES                                                                           \n .. 3D SOLID ELEMENTS                                                                    \n .. SUBSETS\n .. ELEMENT GROUPS\n .. PART GROUPS\n .. NODE GROUP\n .. BOUNDARY CONDITIONS                                                                  \n .. IMPOSED VELOCITIES                                                                   \n .. DOMAIN DECOMPOSITION\n .. ELEMENT GROUPS                                                                       \n .. ELEMENT BUFFER INITIALIZATION                                                        \n\nERROR ID :   1920\n** ERROR IN ORTHOTROPIC SOLID PROPERTY\n\nERROR ID :   1920\n** ERROR IN ORTHOTROPIC SOLID PROPERTY\n\nERROR ID :   1920\n** ERROR IN ORTHOTROPIC SOLID PROPERTY\n\nERROR ID :   1920\n** ERROR IN ORTHOTROPIC SOLID PROPERTY\n\nERROR ID :   1920\n** ERROR IN ORTHOTROPIC SOLID PROPERTY\n\nERROR ID :   1920\n** ERROR IN ORTHOTROPIC SOLID PROPERTY\n\nERROR ID :   1920\n** ERROR IN ORTHOTROPIC SOLID PROPERTY\n\nERROR ID :   1920\n** ERROR IN ORTHOTROPIC SOLID PROPERTY\n\nERROR ID :   1920\n** ERROR IN ORTHOTROPIC SOLID PROPERTY\n\nERROR ID :   1920\n** ERROR IN ORTHOTROPIC SOLID PROPERTY\n\nERROR ID :   1920\n** ERROR IN ORTHOTROPIC SOLID PROPERTY\n\nERROR ID :   1920\n** ERROR IN ORTHOTROPIC SOLID PROPERTY\n\nERROR ID :   1920\n** ERROR IN ORTHOTROPIC SOLID PROPERTY\n\nERROR ID :   1920\n** ERROR IN ORTHOTROPIC SOLID PROPERTY\n\nERROR ID :   1920\n** ERROR IN ORTHOTROPIC SOLID PROPERTY\n\nERROR ID :   1920\n** ERROR IN ORTHOTROPIC SOLID PROPERTY\n .. GEOMETRY PLOT FILE                                                                   \n .. ERROR ==> NO RESTART FILE                                                            \n  \n------------------------------------------------------------------------\n  \n                   ** COMPUTE TIME INFORMATION **\n  \n EXECUTION STARTED      :      2026/04/29  19:10:33\n EXECUTION COMPLETED    :      2026/04/29  19:10:34\n  \n ELAPSED TIME...........=          0.24 s\n                               00:00:00\n  \n------------------------------------------------------------------------\n\n\n\n     ERROR TERMINATION                  \n     ------------------                                                                  \n             16 ERROR(S)            \n              1 WARNING(S)          \n\n\n\n\nPLEASE CHECK LISTING FILE FOR FURTHER DETAILS\n\n\n,
LAW14,M6_vphi_ip23,M6_source_vector_phi,source-driven Vj+Phi mode,1,23,0.0,171.4,ori_law14_M6_vphi_ip23_io1_a000,2,,,,,,,,,,,,False,0,BLOCKED,                  2\nunsupported field exists\nSOLUTION :     \n    Please check input format and fields description defined in the Reference Guide.\nLAW14 TYPE6 M6_vphi_ip23 theta 0.0 Iorth 1\n .. UNITS SYSTEM                                                                         \n .. CONTROL VARIABLES                                                                    \n .. STARTER RUNNING ON    4 THREADS\n .. FUNCTIONS & TABLES\n .. MATERIALS                                                                            \n .. NODES                                                                                \n .. PROPERTIES                                                                           \n .. 3D SOLID ELEMENTS                                                                    \n .. SUBSETS\n .. ELEMENT GROUPS\n .. PART GROUPS\n .. NODE GROUP\n .. BOUNDARY CONDITIONS                                                                  \n .. IMPOSED VELOCITIES                                                                   \n .. DOMAIN DECOMPOSITION\n .. ELEMENT GROUPS                                                                       \n .. ELEMENT BUFFER INITIALIZATION                                                        \n\nERROR ID :   1920\n** ERROR IN ORTHOTROPIC SOLID PROPERTY\n\nERROR ID :   1920\n** ERROR IN ORTHOTROPIC SOLID PROPERTY\n\nERROR ID :   1920\n** ERROR IN ORTHOTROPIC SOLID PROPERTY\n\nERROR ID :   1920\n** ERROR IN ORTHOTROPIC SOLID PROPERTY\n\nERROR ID :   1920\n** ERROR IN ORTHOTROPIC SOLID PROPERTY\n\nERROR ID :   1920\n** ERROR IN ORTHOTROPIC SOLID PROPERTY\n\nERROR ID :   1920\n** ERROR IN ORTHOTROPIC SOLID PROPERTY\n\nERROR ID :   1920\n** ERROR IN ORTHOTROPIC SOLID PROPERTY\n\nERROR ID :   1920\n** ERROR IN ORTHOTROPIC SOLID PROPERTY\n\nERROR ID :   1920\n** ERROR IN ORTHOTROPIC SOLID PROPERTY\n\nERROR ID :   1920\n** ERROR IN ORTHOTROPIC SOLID PROPERTY\n\nERROR ID :   1920\n** ERROR IN ORTHOTROPIC SOLID PROPERTY\n\nERROR ID :   1920\n** ERROR IN ORTHOTROPIC SOLID PROPERTY\n\nERROR ID :   1920\n** ERROR IN ORTHOTROPIC SOLID PROPERTY\n\nERROR ID :   1920\n** ERROR IN ORTHOTROPIC SOLID PROPERTY\n\nERROR ID :   1920\n** ERROR IN ORTHOTROPIC SOLID PROPERTY\n .. GEOMETRY PLOT FILE                                                                   \n .. ERROR ==> NO RESTART FILE                                                            \n  \n------------------------------------------------------------------------\n  \n                   ** COMPUTE TIME INFORMATION **\n  \n EXECUTION STARTED      :      2026/04/29  19:10:34\n EXECUTION COMPLETED    :      2026/04/29  19:10:34\n  \n ELAPSED TIME...........=          0.24 s\n                               00:00:00\n  \n------------------------------------------------------------------------\n\n\n\n     ERROR TERMINATION                  \n     ------------------                                                                  \n             16 ERROR(S)            \n              1 WARNING(S)          \n\n\n\n\nPLEASE CHECK LISTING FILE FOR FURTHER DETAILS\n\n\n,
LAW14,M6_vphi_ip23,M6_source_vector_phi,source-driven Vj+Phi mode,1,23,30.0,22.267164983219914,ori_law14_M6_vphi_ip23_io1_a030,2,,,,,,,,,,,,False,0,BLOCKED,                 2\nunsupported field exists\nSOLUTION :     \n    Please check input format and fields description defined in the Reference Guide.\nLAW14 TYPE6 M6_vphi_ip23 theta 30.0 Iorth 1\n .. UNITS SYSTEM                                                                         \n .. CONTROL VARIABLES                                                                    \n .. STARTER RUNNING ON    4 THREADS\n .. FUNCTIONS & TABLES\n .. MATERIALS                                                                            \n .. NODES                                                                                \n .. PROPERTIES                                                                           \n .. 3D SOLID ELEMENTS                                                                    \n .. SUBSETS\n .. ELEMENT GROUPS\n .. PART GROUPS\n .. NODE GROUP\n .. BOUNDARY CONDITIONS                                                                  \n .. IMPOSED VELOCITIES                                                                   \n .. DOMAIN DECOMPOSITION\n .. ELEMENT GROUPS                                                                       \n .. ELEMENT BUFFER INITIALIZATION                                                        \n\nERROR ID :   1920\n** ERROR IN ORTHOTROPIC SOLID PROPERTY\n\nERROR ID :   1920\n** ERROR IN ORTHOTROPIC SOLID PROPERTY\n\nERROR ID :   1920\n** ERROR IN ORTHOTROPIC SOLID PROPERTY\n\nERROR ID :   1920\n** ERROR IN ORTHOTROPIC SOLID PROPERTY\n\nERROR ID :   1920\n** ERROR IN ORTHOTROPIC SOLID PROPERTY\n\nERROR ID :   1920\n** ERROR IN ORTHOTROPIC SOLID PROPERTY\n\nERROR ID :   1920\n** ERROR IN ORTHOTROPIC SOLID PROPERTY\n\nERROR ID :   1920\n** ERROR IN ORTHOTROPIC SOLID PROPERTY\n\nERROR ID :   1920\n** ERROR IN ORTHOTROPIC SOLID PROPERTY\n\nERROR ID :   1920\n** ERROR IN ORTHOTROPIC SOLID PROPERTY\n\nERROR ID :   1920\n** ERROR IN ORTHOTROPIC SOLID PROPERTY\n\nERROR ID :   1920\n** ERROR IN ORTHOTROPIC SOLID PROPERTY\n\nERROR ID :   1920\n** ERROR IN ORTHOTROPIC SOLID PROPERTY\n\nERROR ID :   1920\n** ERROR IN ORTHOTROPIC SOLID PROPERTY\n\nERROR ID :   1920\n** ERROR IN ORTHOTROPIC SOLID PROPERTY\n\nERROR ID :   1920\n** ERROR IN ORTHOTROPIC SOLID PROPERTY\n .. GEOMETRY PLOT FILE                                                                   \n .. ERROR ==> NO RESTART FILE                                                            \n  \n------------------------------------------------------------------------\n  \n                   ** COMPUTE TIME INFORMATION **\n  \n EXECUTION STARTED      :      2026/04/29  19:10:34\n EXECUTION COMPLETED    :      2026/04/29  19:10:34\n  \n ELAPSED TIME...........=          0.24 s\n                               00:00:00\n  \n------------------------------------------------------------------------\n\n\n\n     ERROR TERMINATION                  \n     ------------------                                                                  \n             16 ERROR(S)            \n              1 WARNING(S)          \n\n\n\n\nPLEASE CHECK LISTING FILE FOR FURTHER DETAILS\n\n\n,
LAW14,M6_vphi_ip23,M6_source_vector_phi,source-driven Vj+Phi mode,1,23,45.0,13.277196220353677,ori_law14_M6_vphi_ip23_io1_a045,2,,,,,,,,,,,,False,0,BLOCKED,                 2\nunsupported field exists\nSOLUTION :     \n    Please check input format and fields description defined in the Reference Guide.\nLAW14 TYPE6 M6_vphi_ip23 theta 45.0 Iorth 1\n .. UNITS SYSTEM                                                                         \n .. CONTROL VARIABLES                                                                    \n .. STARTER RUNNING ON    4 THREADS\n .. FUNCTIONS & TABLES\n .. MATERIALS                                                                            \n .. NODES                                                                                \n .. PROPERTIES                                                                           \n .. 3D SOLID ELEMENTS                                                                    \n .. SUBSETS\n .. ELEMENT GROUPS\n .. PART GROUPS\n .. NODE GROUP\n .. BOUNDARY CONDITIONS                                                                  \n .. IMPOSED VELOCITIES                                                                   \n .. DOMAIN DECOMPOSITION\n .. ELEMENT GROUPS                                                                       \n .. ELEMENT BUFFER INITIALIZATION                                                        \n\nERROR ID :   1920\n** ERROR IN ORTHOTROPIC SOLID PROPERTY\n\nERROR ID :   1920\n** ERROR IN ORTHOTROPIC SOLID PROPERTY\n\nERROR ID :   1920\n** ERROR IN ORTHOTROPIC SOLID PROPERTY\n\nERROR ID :   1920\n** ERROR IN ORTHOTROPIC SOLID PROPERTY\n\nERROR ID :   1920\n** ERROR IN ORTHOTROPIC SOLID PROPERTY\n\nERROR ID :   1920\n** ERROR IN ORTHOTROPIC SOLID PROPERTY\n\nERROR ID :   1920\n** ERROR IN ORTHOTROPIC SOLID PROPERTY\n\nERROR ID :   1920\n** ERROR IN ORTHOTROPIC SOLID PROPERTY\n\nERROR ID :   1920\n** ERROR IN ORTHOTROPIC SOLID PROPERTY\n\nERROR ID :   1920\n** ERROR IN ORTHOTROPIC SOLID PROPERTY\n\nERROR ID :   1920\n** ERROR IN ORTHOTROPIC SOLID PROPERTY\n\nERROR ID :   1920\n** ERROR IN ORTHOTROPIC SOLID PROPERTY\n\nERROR ID :   1920\n** ERROR IN ORTHOTROPIC SOLID PROPERTY\n\nERROR ID :   1920\n** ERROR IN ORTHOTROPIC SOLID PROPERTY\n\nERROR ID :   1920\n** ERROR IN ORTHOTROPIC SOLID PROPERTY\n\nERROR ID :   1920\n** ERROR IN ORTHOTROPIC SOLID PROPERTY\n .. GEOMETRY PLOT FILE                                                                   \n .. ERROR ==> NO RESTART FILE                                                            \n  \n------------------------------------------------------------------------\n  \n                   ** COMPUTE TIME INFORMATION **\n  \n EXECUTION STARTED      :      2026/04/29  19:10:34\n EXECUTION COMPLETED    :      2026/04/29  19:10:35\n  \n ELAPSED TIME...........=          0.24 s\n                               00:00:00\n  \n------------------------------------------------------------------------\n\n\n\n     ERROR TERMINATION                  \n     ------------------                                                                  \n             16 ERROR(S)            \n              1 WARNING(S)          \n\n\n\n\nPLEASE CHECK LISTING FILE FOR FURTHER DETAILS\n\n\n,
LAW14,M6_vphi_ip23,M6_source_vector_phi,source-driven Vj+Phi mode,1,23,60.0,10.303106998372343,ori_law14_M6_vphi_ip23_io1_a060,2,,,,,,,,,,,,False,0,BLOCKED,                 2\nunsupported field exists\nSOLUTION :     \n    Please check input format and fields description defined in the Reference Guide.\nLAW14 TYPE6 M6_vphi_ip23 theta 60.0 Iorth 1\n .. UNITS SYSTEM                                                                         \n .. CONTROL VARIABLES                                                                    \n .. STARTER RUNNING ON    4 THREADS\n .. FUNCTIONS & TABLES\n .. MATERIALS                                                                            \n .. NODES                                                                                \n .. PROPERTIES                                                                           \n .. 3D SOLID ELEMENTS                                                                    \n .. SUBSETS\n .. ELEMENT GROUPS\n .. PART GROUPS\n .. NODE GROUP\n .. BOUNDARY CONDITIONS                                                                  \n .. IMPOSED VELOCITIES                                                                   \n .. DOMAIN DECOMPOSITION\n .. ELEMENT GROUPS                                                                       \n .. ELEMENT BUFFER INITIALIZATION                                                        \n\nERROR ID :   1920\n** ERROR IN ORTHOTROPIC SOLID PROPERTY\n\nERROR ID :   1920\n** ERROR IN ORTHOTROPIC SOLID PROPERTY\n\nERROR ID :   1920\n** ERROR IN ORTHOTROPIC SOLID PROPERTY\n\nERROR ID :   1920\n** ERROR IN ORTHOTROPIC SOLID PROPERTY\n\nERROR ID :   1920\n** ERROR IN ORTHOTROPIC SOLID PROPERTY\n\nERROR ID :   1920\n** ERROR IN ORTHOTROPIC SOLID PROPERTY\n\nERROR ID :   1920\n** ERROR IN ORTHOTROPIC SOLID PROPERTY\n\nERROR ID :   1920\n** ERROR IN ORTHOTROPIC SOLID PROPERTY\n\nERROR ID :   1920\n** ERROR IN ORTHOTROPIC SOLID PROPERTY\n\nERROR ID :   1920\n** ERROR IN ORTHOTROPIC SOLID PROPERTY\n\nERROR ID :   1920\n** ERROR IN ORTHOTROPIC SOLID PROPERTY\n\nERROR ID :   1920\n** ERROR IN ORTHOTROPIC SOLID PROPERTY\n\nERROR ID :   1920\n** ERROR IN ORTHOTROPIC SOLID PROPERTY\n\nERROR ID :   1920\n** ERROR IN ORTHOTROPIC SOLID PROPERTY\n\nERROR ID :   1920\n** ERROR IN ORTHOTROPIC SOLID PROPERTY\n\nERROR ID :   1920\n** ERROR IN ORTHOTROPIC SOLID PROPERTY\n .. GEOMETRY PLOT FILE                                                                   \n .. ERROR ==> NO RESTART FILE                                                            \n  \n------------------------------------------------------------------------\n  \n                   ** COMPUTE TIME INFORMATION **\n  \n EXECUTION STARTED      :      2026/04/29  19:10:35\n EXECUTION COMPLETED    :      2026/04/29  19:10:35\n  \n ELAPSED TIME...........=          0.23 s\n                               00:00:00\n  \n------------------------------------------------------------------------\n\n\n\n     ERROR TERMINATION                  \n     ------------------                                                                  \n             16 ERROR(S)            \n              1 WARNING(S)          \n\n\n\n\nPLEASE CHECK LISTING FILE FOR FURTHER DETAILS\n\n\n,
LAW14,M6_vphi_ip23,M6_source_vector_phi,source-driven Vj+Phi mode,1,23,90.0,9.08,ori_law14_M6_vphi_ip23_io1_a090,2,,,,,,,,,,,,False,0,BLOCKED,                 2\nunsupported field exists\nSOLUTION :     \n    Please check input format and fields description defined in the Reference Guide.\nLAW14 TYPE6 M6_vphi_ip23 theta 90.0 Iorth 1\n .. UNITS SYSTEM                                                                         \n .. CONTROL VARIABLES                                                                    \n .. STARTER RUNNING ON    4 THREADS\n .. FUNCTIONS & TABLES\n .. MATERIALS                                                                            \n .. NODES                                                                                \n .. PROPERTIES                                                                           \n .. 3D SOLID ELEMENTS                                                                    \n .. SUBSETS\n .. ELEMENT GROUPS\n .. PART GROUPS\n .. NODE GROUP\n .. BOUNDARY CONDITIONS                                                                  \n .. IMPOSED VELOCITIES                                                                   \n .. DOMAIN DECOMPOSITION\n .. ELEMENT GROUPS                                                                       \n .. ELEMENT BUFFER INITIALIZATION                                                        \n\nERROR ID :   1920\n** ERROR IN ORTHOTROPIC SOLID PROPERTY\n\nERROR ID :   1920\n** ERROR IN ORTHOTROPIC SOLID PROPERTY\n\nERROR ID :   1920\n** ERROR IN ORTHOTROPIC SOLID PROPERTY\n\nERROR ID :   1920\n** ERROR IN ORTHOTROPIC SOLID PROPERTY\n\nERROR ID :   1920\n** ERROR IN ORTHOTROPIC SOLID PROPERTY\n\nERROR ID :   1920\n** ERROR IN ORTHOTROPIC SOLID PROPERTY\n\nERROR ID :   1920\n** ERROR IN ORTHOTROPIC SOLID PROPERTY\n\nERROR ID :   1920\n** ERROR IN ORTHOTROPIC SOLID PROPERTY\n\nERROR ID :   1920\n** ERROR IN ORTHOTROPIC SOLID PROPERTY\n\nERROR ID :   1920\n** ERROR IN ORTHOTROPIC SOLID PROPERTY\n\nERROR ID :   1920\n** ERROR IN ORTHOTROPIC SOLID PROPERTY\n\nERROR ID :   1920\n** ERROR IN ORTHOTROPIC SOLID PROPERTY\n\nERROR ID :   1920\n** ERROR IN ORTHOTROPIC SOLID PROPERTY\n\nERROR ID :   1920\n** ERROR IN ORTHOTROPIC SOLID PROPERTY\n\nERROR ID :   1920\n** ERROR IN ORTHOTROPIC SOLID PROPERTY\n\nERROR ID :   1920\n** ERROR IN ORTHOTROPIC SOLID PROPERTY\n .. GEOMETRY PLOT FILE                                                                   \n .. ERROR ==> NO RESTART FILE                                                            \n  \n------------------------------------------------------------------------\n  \n                   ** COMPUTE TIME INFORMATION **\n  \n EXECUTION STARTED      :      2026/04/29  19:10:35\n EXECUTION COMPLETED    :      2026/04/29  19:10:35\n  \n ELAPSED TIME...........=          0.24 s\n                               00:00:00\n  \n------------------------------------------------------------------------\n\n\n\n     ERROR TERMINATION                  \n     ------------------                                                                  \n             16 ERROR(S)            \n              1 WARNING(S)          \n\n\n\n\nPLEASE CHECK LISTING FILE FOR FURTHER DETAILS\n\n\n,
